Código;Nombre del alimento/preparación;Energía (kcal);Energía (kJ);Agua (g);Proteínas (g);Grasa total (g);Carbohidratos totales (g);Carbohidratos disponibles (g);Fibra dietaria (g)
A1;Achita, kiwicha o achis;351;1469;9,2;12,8;6,6;69,1;59,8;9,3
A2;Arroz pilado o pulido cocido;115;480;72,2;2,4;0,1;25,2;•;•
A3;Arroz blanco corriente;358;1500;13,4;7,8;0,7;77,6;•;•
A4;Arroz con cáscara;332;1388;11,9;5,9;2,0;75,7;71,6;4,1
A5;Avena envasada;380;1592;6,1;13,7;4,7;71,3;•;•
A6;Avena, hojuela cocida;54;224;87,1;1,3;0,5;10,9;•;•
A7;Avena, hojuela cruda;333;1394;8,8;13,3;4,0;72,2;61,6;10,6
A8;Cañihua, variedad amarilla;381;1595;10,7;15,7;7,5;62,5;•;•
A9;Cañihua gris;356;1488;12,4;14,0;4,5;64,0;•;•
A10;Cañihua, hojuela de;318;1331;11,4;14,5;8,9;61,0;45,5;15,5
A11;Cañihua parda;355;1487;12,2;13,8;3,5;66,2;•;•
A12;Cebada con cáscara;284;1190;9,7;8,4;2,0;77,5;60,2;17,3
A13;Cebada, llunka de (morón americano);249;1041;18,5;1,9;0,7;77,1;59,8;17,3
A14;Cebada, mashka o machica;302;1265;10,0;8,6;0,7;77,4;67,3;10,1
A15;Cebada para mote, pelada;328;1372;15,4;8,2;1,1;73,3;•;•
A16;Cebada tostada, harina integral;274;1147;5,6;8,7;3,2;80,2;54,8;25,4
A17;Cebada perlada o resbalada cocida;59;248;81,0;1,0;0,1;17,7;13,9;3,8
A18;Cebada perlada o resbalada cruda;277;1161;13,3;5,3;0,6;79,8;64,2;15,6
A19;Cebada tostada y molida (chaquepa);349;1460;9,9;7,7;0,8;79,7;•;•
A20;Chancay (bizcocho);355;1485;19,4;8,8;6,9;64,4;•;•
A21;Fideo crudo fortificado con hierro;337;1412;12,1;9,4;0,2;77,7;74,5;3,2
A22;Fideo tallarín crudo fortificado con hierro;305;1274;20,4;9,5;0,1;69,6;66,4;3,2
A23;Fideo tallarín sancochado fortiticado con hierro;90;378;75,5;3,1;0,0;21,3;19,5;1,8
A24;Galleta de soda (salada);433;1810;4,8;10,1;14,7;68,0;65,0;3,0
A25;Galleta de vainilla (dulce);434;1814;4,8;6,0;12,7;74,9;73,8;1,1
A26;Maíz alazán;346;1449;13,7;8,2;3,7;72,7;•;•
A27;Maíz alazán, jora fresca de;289;1210;28,1;5,4;2,8;62,3;•;•
A28;Maíz alazán, jora seca de;347;1450;13,8;7,0;3,6;73,8;•;•
A29;Maíz amarillo;355;1486;13,5;6,7;4,8;73,6;•;•
A30;Maíz blanco crudo;343;1437;12,7;5,9;4,0;76,1;72,9;3,2
A31;Maíz blanco tostado;389;1628;4,6;7,2;4,6;82,1;•;•
A32;Maíz cancha tostada de;342;1429;9,5;6,7;2,7;79,8;74,6;5,2
A33;Maíz, chochoca de;349;1462;13,0;5,2;2,5;78,0;•;•
A34;Maíz, grano fresco (choclo);104;437;67,3;3,3;0,8;27,8;25,1;2,7
A35;Maíz, germinado seco;314;1313;22,0;6,2;3,2;67,0;•;•
A36;Maíz, harina de;326;1366;11,9;8,7;6,5;71,2;61,6;9,6
A37;Maiz, maicena;365;1529;8,3;0,3;0,1;91,3;90,4;0,9
A38;Maíz, morado sin coronta;355;1487;11,4;7,3;3,4;76,2;•;•
A39;Maíz, mote de (sancochado);103;431;74,5;2,6;1,3;21,1;•;•
A40;Maíz, pachuco de;349;1459;13,4;7,3;3,9;73,5;•;•
A41;Maíz, para mote pelado;349;1461;12,6;5,9;2,1;78,3;•;•
A42;Maíz, para mote sin pelar;345;1445;12,8;5,7;1,5;78,7;•;•
A43;Maíz, polenta cruda de;324;1358;13,3;8,3;1,2;74,0;72,4;1,6
A44;Maíz, tocosh crudo;192;803;52,7;2,6;2,2;41,3;•;•
A45;Pan de cebada (serrano);295;1236;24,4;7,2;0,2;66,2;•;•
A46;Pan de labranza;328;1374;17,3;9,6;0,3;71,8;•;•
A47;Pan de molde;317;1326;20,8;6,8;2,5;69,2;66,8;2,4
A48;Pan bollo o bollitos de queso de Huancavelica;310;1297;30,3;9,5;7,3;51,7;•;•
A49;Pan francés fortificado con hierro;277;1161;27,0;8,4;0,2;62,9;60,5;2,4
A50;Quinua, afrecho de;351;1467;14,1;10,7;4,5;65,9;•;•
A51;Quinua blanca, (Junín);334;1396;12,8;12,5;6,5;66,0;56,0;10,0
A52;Quinua blanca (�uno);355;1484;11,1;13,3;6,1;67,1;61,2;5,9
A53;Quinua cocida;89;372;79,0;2,8;1,3;16,3;•;•
A54;Quinua;351;1470;11,5;13,6;5,8;66,6;60,7;5,9
A55;Quinua dulce, blanca (�unín);361;1510;11,1;11,1;7,7;67,4;61,5;5,9
A56;Quinua dulce, blanca (�uno);349;1459;11,2;11,6;5,3;68,9;63,0;5,9
A57;Quinua dulce, rosada (�unín);360;1506;11,0;12,3;7,2;67,1;61,2;5,9
A58;Quinua, harina de;337;1408;11,7;12,4;6,0;67,2;57,9;9,3
A59;Quinua, hojuelas de;376;1572;13,4;13,9;7,4;63,1;•;•
A60;Quinua rosada (�uno);356;1490;10,2;12,5;6,4;67,6;61,7;5,9
A61;Quinua, sémola de;362;1516;12,6;19,5;10,7;53,8;47,9;5,9
A62;Sorgo;309;1292;12,2;8,0;4,0;72,8;66,5;6,3
A63;Trigo, harina fortificada con hierro de;362;1517;10,8;10,5;2,0;76,3;73,6;2,7
A64;Trigo, llunka de;312;1307;16,1;9,1;1,0;71,8;•;•
A65;Trigo, harina tostada de (machica);330;1382;9,0;7,9;1,2;79,9;77,2;2,7
A66;Trigo, mote de (sancochado);154;644;59,0;2,5;0,6;37,0;•;•
A67;Trigo para mote pelado cocido;63;265;82,9;1,9;0,1;14,7;•;•
A68;Trigo para mote pelado crudo;325;1359;12,5;9,8;0,9;74,6;•;•
A69;Trigo, pelado;330;1379;12,6;8,4;1,4;76,1;•;•
A70;Trigo resbalado cocido;83;347;77,9;2,8;0,3;18,6;•;•
A71;Trigo resbalado crudo;327;1370;13,5;11,4;1,8;71,8;•;•
A72;Trigo, sémola de;319;1334;12,1;7,8;1,1;78,4;74,5;3,9
A73;Trigo;289;1210;11,6;10,3;1,9;74,7;62,5;12,2
A74;Barra de cereales (avena y arrocillo) con maní y pasas;391;1637;8,8;5,8;9,4;74,9;70,9;4,0
A75;Barra de cereales con sabor a chocolate y chocochips;386;1615;6,7;4,9;8,5;78,6;72,4;6,2
A76;Barra de cereales (avena, arroz) con aguaymanto;371;1551;8,5;5,3;7,3;77,6;71,0;6,6
A77;Barra de cereales (maíz, trigo, arroz) sabor a miel con leche, vitaminas y minerales;397;1660;6,4;4,4;8,5;79,0;75,5;3,4
A78;Bollito de maíz de Huánuco;426;1781;13,1;9,6;17,5;57,5;•;•
A79;Bollito de yema de Huánuco;384;1606;18,0;9,9;12,6;57,5;•;•
A80;Cañihua, harina de;327;1367;10,2;15,2;8,3;63,0;48,2;14,9
A81;Cañihua, variedad roja;381;1594;10,7;15,4;7,5;62,7;•;•
A82;Cañihua, variedad blanca;382;1597;10,7;15,4;7,7;62,5;•;•
A83;Galleta de soda (San Jorge);440;1843;3,9;9,3;13,3;70,8;•;•
A84;Galleta de vainilla (Field);462;1933;2,7;7,3;15,6;73,1;•;•
A85;Galleta dulce con avena y base sabor a chocolate (con fibra);461;1929;2,9;6,7;19,8;69,0;64,1;4,9
A86;Galleta dulce con avena y base sabor a frutos rojos;465;1946;2,7;6,7;20,8;68,0;62,8;5,1
A87;Galleta dulce con avena y granola (con fibra);444;1859;3,2;8,0;16,9;70,2;65,2;5,0
A88;Galleta dulce con avena, manzana y canela (con fibra);426;1784;3,4;7,2;14,3;73,6;67,4;6,2
A89;Galleta dulce con avena y uvas pasas (con fibra);433;1812;3,3;7,2;14,9;73,0;67,6;5,4
A90;Galleta dulce con relleno (Casino);499;2087;1,9;4,7;22,0;70,5;•;•
A91;Galleta dulce con relleno “chocolate” (Coronita);492;2058;2,5;5,7;21,1;69,8;•;•
A92;Galletas nutritivas de maca;443;1854;3,0;7,0;16,1;72,2;67,6;4,6
A93;Hiwicto marfil oscuro;368;1481;10,6;9,0;2,0;76,8;•;•
A94;Hiwicto negro;365;1469;12,0;9,0;2,7;74,6;•;•
A95;Kara ceniza o kala;367;1481;10,3;11,6;2,3;73,6;•;•
A96;Kara color pajizo;366;1469;11,1;7,2;2,5;76,9;•;•
A97;Kiwicha, harina de;352;1474;10,9;12,2;7,9;66,4;58,0;8,4
A98;Kiwicha pop de Huánuco;370;1548;8,6;13,1;8,9;66,5;59,5;7,1
A99;Kiwicha, precocida, hojuela de;400;1675;8,4;13,4;8,1;68,0;•;•
A100;Kiwicha, precocida, hojuela de (orgánica);352;1473;10,8;11,9;7,6;67,7;58,9;8,7
A101;Llipta sara, variedad de maíz;370;1550;11,3;7,4;4,2;75,9;•;•
A102;Maíz blanco, harina;343;1435;11,6;5,5;5,0;76,6;71,0;5,6
A103;Maíz blanco precocido, harina de (chochoca);328;1371;12,1;6,8;5,2;74,8;65,9;8,9
A104;Maíz morado, harina de (api);318;1331;11,4;8,5;4,2;74,3;64,5;9,8
A105;Pan árabe;290;1213;27,8;10,3;3,5;56,7;54,3;2,4
A106;Pan cachanga;445;1862;17,4;7,7;26,1;47,4;•;•
A107;Pan campesino de Lima;276;1153;36,1;10,0;5,7;46,0;•;•
A108;Pan ciabatta;265;1108;32,1;9,2;2,0;55,0;52,6;2,5
A109;Pan chapla;321;1343;22,2;9,3;3,5;63,2;•;•
A110;Pan chuta;387;1620;16,3;9,5;11,1;62,3;•;•
A111;Pan cortadillo de Cajamarca;361;1509;17,8;6,9;7,1;67,2;•;•
A112;Pan cuay de trigo de Carhuaz;358;1500;23,8;10,0;11,6;53,4;•;•
A113;Pan cuay de trigo de Huaraz;297;1241;31,6;7,6;10,1;48,9;43,8;5,1
A114;Pan de calabaza de Huancavelica;274;1148;35,3;11,5;3,9;48,4;•;•
A115;Pan de chicharrón de Chiclayo;338;1414;25,5;9,9;9,0;54,3;•;•
A116;Pan de girasol de Lima;267;1115;40,9;10,7;7,7;38,7;•;•
A117;Pan de hamburguesa de Iquitos;316;1323;24,4;10,8;4,7;57,7;•;•
A118;Pan de huevo;336;1408;23,2;9,3;6,9;59,4;•;•
A119;Pan de maíz;319;1336;25,4;7,7;8,7;56,7;52,6;4,1
A120;Pan de maíz de Carhuaz;323;1352;27,9;9,2;8,0;53,5;•;
A121;Pan de maíz de Huaraz;359;1501;22,0;8,0;15,2;53,0;47,5;5,5
A122;Pan de quinua de Lima;241;1009;39,8;9,5;1,7;47,0;•;•
A123;Pan de trigo artesanal de Carhuaz;286;1197;32,5;8,8;4,6;52,4;•;•
A124;Pan de yema;321;1342;25,6;9,4;8,1;55,4;52,5;2,9
A125;Pan de yema de Cajamarca;365;1526;23,7;9,2;12,9;52,9;•;•
A126;Pan dulce de Lima;290;1215;32,6;11,9;5,0;49,5;•;•
A127;Pan huaro;338;1413;21,1;9,9;5,5;62,2;•;•
A128;Pan Huascarán de Lima;265;1111;37,3;9,4;4,8;46,3;•;•
A129;Pan integral;339;1419;24,3;9,1;9,0;55,5;•;•
A130;Pan marraqueta de Chiclayo;321;1342;21,0;6,4;2,2;68,9;•;•
A131;Pan mestizo de Huánuco;399;1668;18,1;9,6;15,7;54,8;•;•
A132;Pan mishtishongo de Huánuco;410;1715;20,7;9,1;20,0;48,5;•;•
A133;Pan mollete de Chiclayo;284;1189;32,5;10,2;3,8;52,3;•;•
A134;Pan mollete, chico;364;1523;25,5;9,6;16,3;47,0;44,7;2,3
A135;Pan torta de Cajamarca;355;1487;19,4;9,4;8,0;61,5;•;•
A136;Pan 3 granos (quinua, cañihua y kiwicha) de Lima;219;914;46,5;8,6;2,5;40,5;•;•
A137;Pan vico;343;1437;24,3;9,3;9,1;56,1;•;•
A138;Pan vico de Iquitos;333;1394;19,3;11,6;4,1;62,4;•;•
A139;Pasta con huevo sin fortificar, cruda*;375;1567;9,0;14,2;4,4;71,3;68,0;3,3
A140;Pasta con huevo fortificada, cruda*;375;1567;9,0;14,2;4,4;71,3;68,0;3,3
A141;Pasta fortificada, cruda*;360;1506;9,9;13,0;1,5;74,7;71,5;3,2
A142;Pasta sin fortificar, cruda*;360;1506;9,9;13,0;1,5;74,7;71,5;3,2
A143;Quinua, variedad real;331;1385;12,9;14,2;5,1;65,9;56,7;9,1
A144;Quinua, variedad Ayara (�uno);276;1156;12,3;14,0;6,3;62,6;41,1;21,5
A145;Quinua, variedad blanca de Juli (�uno);347;1453;10,2;11,6;4,8;70,6;63,7;6,9
A146;Quinua, variedad CICA-18 (Puno);345;1445;9,8;14,4;5,7;66,4;58,7;7,6
A147;Quinua, variedad CICA-127 (Puno);360;1506;8,9;15,8;5,2;67,1;62,0;5,1
A148;Quinua, variedad Cuchiwilla (Puno);317;1327;11,4;15,2;5,2;64,3;52,1;12,2
A149;Quinua, variedad Choclito (Puno);342;1430;11,7;13,4;5,2;67,1;59,9;7,2
A150;Quinua, variedad Chullpi- roja (Puno);330;1379;11,3;13,7;5,5;66,9;55,9;10,9
A151;Quinua, variedad Misa Jiura (Puno);349;1460;10,5;12,3;5,4;68,6;62,2;6,4
A152;Quinua, variedad Pasankalla-roja (Puno);355;1486;10,1;12,7;6,2;68,5;61,6;6,9
A153;Quinua, variedad Q’ OITU-negra (Puno);308;1288;11,5;11,6;4,9;68,2;53,9;14,3
A154;Quinua, variedad Wariponcho (Puno);347;1451;11,5;12,6;5,5;67,9;61,2;6,7
A155;Quinua, variedad Witulla (Puno);350;1464;9,9;13,7;5,9;67,8;60,2;7,7
A156;Rosquita de almidón de Iquitos;469;1962;3,3;1,8;18,3;74,2;•;•
A157;Siete harinas (trigo, habas, arvejas, kiwicha, cañihua, cebada, quinua);347;1453;1,5;8,8;3,2;84,8;70,8;14,1
A158;Trigo, hojuela de (chaque);322;1346;16,0;10,0;2,5;70,2;•;•
A159;Trigo sin tostar (chaquepa);338;1416;11,9;7,0;2,2;77,9;•;•
A160;Trigo tostado (chaquepa);369;1545;3,9;7,6;2,5;84,9;•;•
B1;Acelga, hojas de (sin tallo);8;35;93,3;2,1;0,1;3,2;0,8;2,4
B2;Acelga, tallos de;9;36;94,8;0,7;0,3;2,8;1,2;1,6
B3;Ají amarillo fresco;39;163;88,9;0,9;0,7;8,8;•;•
B4;Ají amarillo molido fresco sin sal;52;218;60,2;1,9;1,7;9,2;•;•
B5;Ají amarillo seco;199;834;16,6;7,3;6,3;64,8;36,1;28,7
B6;Ají panca;189;790;20,2;7,0;7,8;58,5;29,8;28,7
B7;Ají colorado no picante (molido con sal);43;180;69,8;1,9;1,3;9,2;7,7;1,5
B8;Ají colorado molido;37;154;72,6;2,1;1,0;8,0;6,5;1,5
B9;Ají de mesa;40;167;89,1;1,8;1,2;7,2;•;•
B10;Ají de vaina;58;243;83,2;2,6;1,1;11,9;•;•
B11;Ají dulce;17;71;91,0;0,9;0,5;7,1;3,1;4,0
B12;Ají verde;57;238;82,9;2,5;0,8;12,4;•;•
B13;Ajo sin cáscara;121;508;61,4;5,6;0,8;30,4;28,3;2,1
B14;Albahaca sin tallo;29;122;86,7;2,9;1,2;7,3;3,4;3,9
B15;Alcachofa;24;101;77,8;2,2;0,2;18,9;4,9;14,0
B16;Alfalfa brotes tiernos;20;84;91,1;4,0;0,7;3,8;1,3;2,5
B17;Apio, tallo sin hojas;8;35;94,0;1,0;0,2;3,8;1,1;2,8
B18;Berenjena;12;49;92,4;1,0;0,1;5,9;2,3;3,6
B19;Berenjena Costeña o tomate de árbol;41;172;87,5;1,3;0,3;9,8;•;•
B20;Berro;31;130;89,3;3,4;0,8;5,0;4,5;0,5
B21;Brocoli;32;135;89,9;3,9;1,3;4,0;3,3;0,7
B22;Caigua;15;63;95,0;0,5;0,2;3,3;•;•
B23;Caigua serrana;19;80;93,5;1,5;0,1;4,1;•;•
B24;Calabaza china;13;54;93,1;0,7;0,1;5,8;2,9;2,9
B25;Calabaza italiana;15;63;93,9;0,5;0,3;4,9;3,2;1,7
B26;Cebolla blanca;24;102;91,2;0,9;0,1;7,4;6,0;1,4
B27;Cebolla chilena;19;79;92,9;0,8;0,1;5,9;4,5;1,4
B28;Cebollita china;36;150;88,7;2,3;0,4;7,5;•;•
B29;Cebolla de cabeza;40;169;86,3;1,4;0,2;11,3;9,9;1,4
B30;Cebolla de cola;26;108;90,6;0,9;0,1;7,8;6,4;1,4
B31;Col blanca;19;81;93,3;1,0;1,1;4,2;2,3;1,9
B32;Col crespa o repollo, sin cogollo;15;65;92,4;1,5;0,3;4,9;2,6;2,3
B33;Col china sin tallo;22;93;91,0;1,8;0,3;5,3;4,3;1,0
B34;Col de “Bruselas”;45;188;81,3;4,6;0,4;12,3;8,5;3,8
B35;Col, hojas de;32;132;88,1;2,7;0,6;7,6;5,6;2,0
B36;Col negra;14;60;91,7;1,7;0,4;5,5;1,9;3,6
B37;Col silvestre;54;226;82,9;2,5;0,6;12,1;•;•
B38;Coliflor sin tallo y sin hojas;17;72;91,6;2,2;0,6;4,4;1,9;2,5
B39;Culantro sin tallo;34;142;85,6;3,3;1,3;7,0;4,2;2,8
B40;Chiclayo, calabaza;16;68;93,2;0,6;0,1;5,6;3,9;1,7
B41;Chonta;49;205;84,9;3,4;0,7;9,7;•;•
B42;Escarola;7;30;93,6;1,2;0,2;3,8;0,7;3,1
B43;Esparragos;15;62;93,0;2,2;0,3;3,8;2,1;1,7
B44;Espinaca blanca;24;102;89,5;1,9;0,6;6,3;4,1;2,2
B45;Espinaca negra sin tronco;24;100;90,0;2,8;0,9;4,9;2,7;2,2
B46;Frejolito chino germinado;9;38;96,5;1,4;0,1;1,8;1,5;0,3
B47;Hierbabuena;41;171;86,7;3,1;1,0;7,0;•;0,0
B48;Huacatay sin tallo;50;211;83,4;5,0;0,8;8,8;•;•
B49;Janchoy, hojas de;27;113;90,8;1,6;0,2;6,0;•;•
B50;Jetka, hojas de;66;276;78,1;7,3;1,7;9,5;•;•
B51;Kailán, hojas de;48;201;84,9;3,2;0,9;9,1;•;•
B52;Kailán, tallos de;24;100;92,0;1,2;0,3;5,2;•;•
B53;Lechuga americana;7;28;96,6;0,6;0,1;2,4;1,2;1,2
B54;Lechuga larga;12;49;93,4;1,5;0,2;3,9;1,8;2,1
B55;Lechuga redonda;8;32;95,7;1,3;0,2;2,1;0,8;1,3
B56;Manchay;53;222;84,8;0,4;0,1;14,4;•;•
B57;Mastuerzo, hojas de;44;185;86,3;1,8;1,3;9,2;8,1;1,1
B58;Mostaza, hojas de;21;88;89,0;3,5;0,6;5,2;2,1;3,1
B59;Muña, seca;268;1121;16,0;3,2;2,8;66,3;•;•
B60;Nabo;10;40;94,7;0,6;0,2;3,6;1,8;1,8
B61;Nabo, hojas de;24;100;88,1;2,9;0,4;7,0;3,8;3,2
B62;Orégano fresco;48;201;85,1;1,6;0,5;11,3;•;•
B63;Pacchoy, hojas de;25;103;90,5;1,3;0,3;6,3;5,3;1,0
B64;Pacchoy, tallos de;18;77;92,0;0,4;0,2;5,4;4,4;1,0
B65;Paico;41;170;81,7;5,0;1,1;9,2;5,4;3,8
B66;Pajuro;120;502;64,4;2,1;0,3;31,5;•;•
B67;Pepinillo sin cáscara;9;37;96,4;0,5;0,1;2,6;1,9;0,7
B68;Perejil sin tallo;41;172;82,0;4,8;0,7;9,9;6,6;3,3
B69;Pimiento rojo;27;114;92,3;1,2;1,3;4,6;3,7;0,9
B70;Pirca;42;176;86,2;4,0;0,6;7,6;•;•
B71;Poro sin hojas;34;142;87,8;2,7;0,8;7,6;5,8;1,8
B72;Quinua, hojas de;50;209;81,4;4,7;0,6;9,5;•;•
B73;Rabanitos;7;31;95,1;0,8;0,1;2,9;1,3;1,6
B74;Rabicol;22;92;92,8;2,0;0,2;4,2;•;•
B75;Radicheta o achicoria;17;70;90,0;1,9;0,5;6,2;2,2;4,0
B76;Rocoto fresco;36;151;89,5;1,2;0,5;8,2;•;•
B77;Ruda;82;343;75,4;4,1;1,7;16,1;•;•
B78;Siuca culantro;28;116;87,6;1,9;0,5;8,1;5,3;2,8
B79;Tomate;15;61;94,2;0,8;0,2;4,3;3,1;1,2
B80;Tomate italiano;12;51;94,8;0,8;0,2;3,6;2,4;1,2
B81;Tomate, con carne salsa de;106;444;77,7;2,7;5,7;11,0;•;•
B82;Tomate, salsa de;18;76;75,0;1,5;0,7;3,9;2,4;1,5
B83;Tomate, salsa concentrada de;75;314;75,3;2,7;1,0;16,8;•;•
B84;Vainitas;25;105;88,2;2,4;0,3;8,1;4,7;3,4
B85;Zanahoria;19;78;90,2;1,0;0,3;7,6;3,6;4,1
B86;Zanahoria, harina de;293;1226;11,8;7,3;1,5;67,7;•;•
B87;Zapallo italiano;14;59;95,4;0,9;0,2;2,9;•;•
B88;Zapallo loche;58;242;79,8;2,6;0,2;16,2;13,9;2,3
B89;Zapallo macre;26;109;92,0;0,7;0,2;6,4;•;•
B90;Ají charapita;78;326;76,3;3,9;0,8;17,4;•;•
B91;Ají cerezo;64;268;80,0;4,2;0,5;14,1;•;•
B92;Ají colorado seco**;328;1374;7,8;9,5;2,8;78,8;•;•
B93;Ají uña de pava;57;241;82,8;3,0;0,7;12,5;•;•
B94;Ajos variedad Barranquino;115;482;59,4;6,2;0,3;32,6;27,2;5,4
B95;Ajos variedad Napuri;115;482;58,6;7,7;0,3;31,8;26,4;5,4
B96;Ajos variedad Napuri fresco, molido en aceite sin sal;203;848;51,5;5,1;9,1;33,2;31,9;1,3
B97;Ajos variedad Napuri fresco, molido en aceite con sal;185;775;49,3;4,8;5,2;37,2;36,3;0,8
B98;Ajos variedad Napuri fresco, molido en agua sin sal;77;321;73,2;4,9;0,2;20,9;17,8;3,1
B99;Ajos variedad Napuri fresco, molido en agua con sal;84;353;69,0;5,0;0,3;21,6;19,6;2,0
B100;Alcaparras****;31;131;78,6;2,3;0,6;5,8;•;•
B101;Cebolla variedad americana;22;91;91,1;1,4;0,4;6,9;4,4;2,5
B102;Cebolla variedad perilla;28;117;89,3;1,4;0,4;8,5;6,0;2,5
B103;Chijchipa;45;188;85,3;3,3;0,4;9,3;•;•
B104;Chullcos, ajos silvestres;92;385;73,7;1,8;0,5;23,5;•;•
B105;Col china con hoja y tallo;15;62;95,1;1,4;1,1;2,0;0,7;1,2
B106;Coliflor con tallo y sin hojas;20;86;91,9;2,1;0,6;4,7;2,9;1,8
B107;Culantro, con hojas y tallo;15;62;88,4;3,5;0,2;5,9;1,2;4,7
B108;Espinaca, hojas sin tallo;30;128;86,9;4,8;1,4;4,7;1,9;2,8
B109;Estragón, secos;269;1126;7,7;22,8;7,2;50,2;42,8;7,4
B110;Hinojo, tallo, fresco, crudo;19;80;92,8;1,9;0,2;3,6;•;•
B111;Kión sin cáscara;49;205;84,9;0,1;0,4;13,7;11,8;2,0
B112;Lechuga de seda;10;42;95,9;1,3;0,1;2,3;1,7;0,6
B113;Llampun Cjana “Cjana-cjana”;254;1061;12,1;29,5;6,0;36,8;•;•
B114;Pacchoy con hojas y tallo;5;20;96,1;1,0;0,3;1,8;0,1;1,7
B115;Paico, Hojas de;28;117;84,1;5,7;0,3;6,6;3,2;3,4
B116;Pimiento verde**;31;131;90,7;1,3;0,2;7,5;•;•
B117;Rocoto molido con cáscara en agua sin sal;17;69;93,7;0,2;0,1;5,5;4,2;1,4
B118;Romero fresco*;81;338;67,8;3,3;5,9;20,7;6,6;14,1
B119;Tomate de palito;44;185;86,5;1,6;0,2;10,8;•;•
B120;Tomate redondo, con cáscara;18;75;93,9;0,7;0,3;4,7;4,0;0,7
B121;Tomillo seco*;181;756;7,8;9,1;7,4;63,9;26,9;37,0
B122;Zapallito;57;236;82,2;1,9;0,1;14,3;•;•
B123;Zapallo avinca;29;122;91,0;0,9;0,1;7,3;•;•
B124;Zapallo criollo;28;119;91,0;0,6;0,2;7,6;7,1;0,5
B125;Zapallo ombligo;21;88;93,5;0,9;0,2;4,8;•;•
C1;Abridores;57;239;82,0;0,8;0,1;16,4;14,9;1,5
C2;Aceituna de botija;298;1247;57,5;0,8;32,1;7,3;•;•
C3;Aceitunas negras preparadas;292;1224;41,0;2,2;22,4;30,3;27,1;3,2
C4;Airampo;51;212;85,9;1,8;0,5;11,2;•;•
C5;Aguaje;283;1184;53,6;2,3;25,1;18,1;•;•
C6;Anona;45;188;85,0;1,1;0,4;12,9;10,5;2,4
C7;Durazno-Melocotón;43;180;86,3;0,8;0,2;12,4;10,8;1,6
C8;Caimito;49;205;83,5;1,8;0,5;13,6;10,8;2,8
C9;Camu-camu;24;100;93,3;0,5;0,1;5,9;•;•
C10;Capulí;63;264;82,3;0,7;0,4;15,9;•;•
C11;Chambiro;118;494;75,9;1,5;7,3;14,5;•;•
C12;Chirimoya;72;302;75,4;1,9;0,3;21,6;17,7;4,0
C13;Ciruela;82;343;76,3;1,0;0,2;21,5;•;•
C14;Coco;286;1197;56,4;3,4;28,1;10,8;•;•
C15;Coco, agua de;10;43;95,5;0,7;0,1;3,1;2,0;1,1
C16;Cocona;42;176;88,5;0,9;0,7;9,2;•;•
C17;Dátiles;195;817;36,8;1,4;0,5;59,8;51,8;8,0
C18;Fresa;34;142;89,1;0,7;0,8;8,9;6,9;2,0
C19;Granada;66;277;80,0;0,5;0,1;18,3;17,7;0,6
C20;Granadilla;51;214;82,3;2,5;2,7;11,4;5,7;5,8
C21;Granadilla, jugo enlatado de;62;258;82,0;1,1;0,0;16,1;•;•
C22;Guanábana;44;185;84,0;0,9;0,2;14,3;11,0;3,3
C23;Guayaba;37;154;83,9;0,5;0,1;14,9;9,5;5,4
C24;Guayaba amarilla con cáscara;13;53;88,2;1,2;0,3;9,7;1,7;8,0
C25;Guayaba rosada;37;154;84,0;0,5;0,2;14,7;9,3;5,4
C26;Guayaba verde;36;151;84,3;0,5;0,1;14,7;9,3;5,4
C27;Higo negro;65;272;78,0;0,9;0,1;19,9;17,0;2,9
C28;Higo seco;146;612;47,7;3,6;0,2;46,6;36,8;9,8
C29;Huito;55;230;83,9;1,2;0,1;14,0;•;•
C30;Humarí / Umari, sin pepa y sin cáscara;163;682;62,1;1,6;8,1;27,4;25,0;2,4
C31;Kaki;64;270;78,1;0,5;0,1;20,8;17,2;3,6
C32;Kumuvi;101;423;71,9;0,7;0,6;25,9;•;•
C33;Lima;13;55;92,8;0,6;0,4;5,9;3,1;2,8
C34;Limón, jugo de;28;119;89,3;0,5;0,2;9,7;9,3;0,4
C35;Lúcuma;97;406;61,7;2,1;0,2;34,9;24,7;10,2
C36;Lúcuma, harina de;329;1377;9,3;4,0;2,4;82,0;•;•
C37;Macambo, pulpa y semilla;177;741;61,1;6,7;9,2;21,5;•;•
C38;Macambo, pulpa de;44;184;88,0;2,1;0,8;8,3;•;•
C39;Mamey maduro;27;111;88,9;0,5;0,1;9,7;6,7;3,0
C40;Mandarina;29;121;90,1;0,6;0,3;8,6;6,8;1,8
C41;Mango;54;225;83,0;0,4;0,2;15,9;14,1;1,8
C42;Manzana nacional;50;208;84,7;0,3;0,1;14,6;13,3;1,3
C43;Maracuyá, jugo puro de;61;256;82,3;0,9;0,1;16,1;15,9;0,2
C44;Marañón;35;146;87,9;0,8;0,5;10,5;7,8;2,7
C45;Melón;21;86;92,9;0,5;0,1;5,8;5,0;0,8
C46;Melón enano;20;84;94,3;0,6;0,2;4,4;•;•
C47;Membrillo;36;152;86,9;0,3;0,1;11,5;9,6;1,9
C48;Naranja;31;131;88,5;0,6;0,2;10,1;7,7;2,4
C49;Naranja agria, jugo de;32;135;90,7;0,5;0,2;8,2;8,0;0,2
C50;Naranja de Guayaquil;31;132;88,6;0,5;0,2;10,2;7,8;2,4
C51;Naranja de Huando;36;152;87,3;1,2;0,2;10,9;8,5;2,4
C52;Níspero;41;170;86,5;0,3;0,0;12,7;11,0;1,7
C53;Nuzive;138;577;70,3;2,7;7,8;17,7;•;•
C54;Pacae o Guaba;56;234;84,1;0,6;0,1;14,8;•;•
C55;Palta;130;546;79,2;1,7;12,5;5,6;•;•
C56;Pan de árbol con semilla;117;489;63,4;4,5;1,8;29,0;24,1;4,9
C57;Pan de árbol sin semilla;30;124;86,4;1,6;0,5;10,5;5,6;4,9
C58;Pan-Meo;78;326;78,0;1,3;0,2;19,9;•;•
C59;Papaya;25;106;90,8;0,4;0,1;8,2;6,4;1,8
C60;Pasa sin pepa;228;953;31,6;2,4;0,4;63,8;60,1;3,7
C61;Pepino dulce;26;109;92,3;0,3;0,0;7,0;•;•
C62;Pera chilena;38;160;86,0;0,3;0,1;13,2;10,1;3,1
C63;Pera de agua;42;176;85,8;0,4;0,6;13,0;9,9;3,1
C64;Pera nacional;55;230;84,7;0,4;0,2;14,5;•;•
C65;Pera perilla;58;243;84,2;0,6;0,5;14,4;•;•
C66;Pero;50;211;85,4;0,4;0,7;13,3;12,0;1,3
C67;Pijuayo;184;770;52,3;2,8;3,2;41,0;•;•
C68;Pijuayo sancochado, sin cáscara y sin pepas;120;501;52,2;2,1;4,0;41,0;22,1;19,0
C69;Piña;33;139;89,3;0,4;0,2;9,8;8,4;1,4
C70;Plátano de isla;75;314;74,2;1,2;0,1;21,6;19,5;2,2
C71;Plátano de seda;74;309;76,2;1,5;0,3;21,0;18,4;2,6
C72;Plátano guineo;111;465;65,9;1,4;0,2;31,7;29,1;2,6
C73;Plátano manzano;80;336;74,3;1,1;0,2;23,4;20,8;2,6
C74;Plátano, harina de;302;1265;14,0;4,0;0,4;79,3;•;•
C75;Plátano maduro;103;431;68,1;1,2;0,2;29,6;27,0;2,6
C76;Plátano morado;97;405;69,8;1,0;0,2;28,1;25,5;2,6
C77;Plátano seco (orejón);232;972;24,5;3,7;1,2;68,2;58,3;9,9
C78;Plátano verde;144;602;57,0;1,0;0,2;40,9;38,6;2,3
C79;Plátano verde asado;243;1018;29,1;1,5;0,2;68,0;65,7;2,3
C80;Plátano verde sancochado;129;540;61,6;0,7;0,3;36,8;34,5;2,3
C81;Pomarosa;33;138;90,7;0,5;0,4;7,9;•;•
C82;Purunkari;151;632;58,1;2,7;1,4;36,3;•;•
C83;Sandia;23;96;93,0;0,7;0,1;5,9;5,5;0,4
C84;Shiwawaco (semilla);249;1041;39,0;6,6;7,5;45,5;•;•
C85;Tamarindo;221;925;31,4;2,8;0,6;62,5;57,4;5,1
C86;Mango ciruelo (taperibá);56;234;84,5;0,6;0,3;14,2;•;•
C87;Toronja;33;138;89,8;0,6;0,4;8,8;7,7;1,1
C88;Tumbo costeño;22;92;93,3;0,4;0,0;5,8;•;•
C89;Tumbo serrano sin cáscara;37;153;84,5;2,1;0,4;12,1;7,4;4,8
C90;Tuna;46;194;82,3;0,8;0,0;15,4;12,1;3,3
C91;Tuna roja;36;150;86,2;1,3;0,2;12,1;8,3;3,8
C92;Ungurauy;307;1284;41,7;2,8;21,1;33,6;•;•
C93;Uva blanca;40;168;87,8;0,3;0,2;11,3;10,4;0,9
C94;Uva borgoña;79;330;77,0;0,9;0,3;21,3;20,4;0,9
C95;Uva italia;63;262;81,1;0,4;0,1;17,7;16,8;0,9
C96;Uva negra;63;265;81,2;0,2;0,1;18,1;17,2;0,9
C97;Uva quebranta;66;276;81,4;0,5;0,1;17,7;•;•
C98;Uvilla;64;268;82,4;0,3;0,3;16,7;•;•
C99;Zapote;73;305;79,7;0,9;0,3;18,8;•;•
C100;Aguaymanto;51;213;79,8;1,9;0,0;17,3;12,4;4,9
C101;Blanquillo;47;198;84,8;1,0;0,3;13,3;11,6;1,8
C102;Carambola;23;98;91,7;1,0;0,5;6,5;4,5;2,0
C103;Carambola, refresco cocido de;6;27;98,5;0,2;0,3;0,9;•;
C104;Carambola, refresco natural de;5;21;98,9;0,2;0,3;0,6;0,5;0,0
C105;Coco rallado;596;2494;3,9;7,4;66,8;19,5;3,3;16,2
C106;Cocona, jugo natural de;0;1;•;•;•;0,8;0,1;0,7
C107;Durazno, néctar envasado;6;24;96,8;0,0;0,0;3,1;1,4;1,7
C108;Granadilla, jugo natural;25;103;90,3;1,1;0,2;7,3;5,4;1,9
C109;Guindón*;215;899;30,9;2,2;0,4;63,9;56,8;7,1
C110;Kiwi, sin cáscara;39;161;85,6;2,9;0,3;10,6;7,3;3,2
C111;Limón dulce, sin cáscara;20;83;90,7;1,4;0,4;7,1;4,8;2,3
C112;Limón, néctar envasado;57;237;85,7;0,0;0,0;14,2;14,1;0,1
C113;Mango, néctar envasado;44;185;87,4;0,0;0,0;12,5;11,0;1,5
C114;Manzana chilena verde con cáscara;38;158;87,5;0,2;0,3;11,4;9,7;1,8
C115;Manzana delicia “helada” con cáscara;47;195;83,5;0,2;0,1;16,0;12,6;3,4
C116;Manzana delicia roja con cáscara;52;216;82,9;0,3;0,1;16,5;14,0;2,6
C117;Manzana israel con cáscara;40;165;86,5;0,4;0,1;12,9;10,5;2,4
C118;Manzana, jugo natural, envasado;43;180;•;•;•;11,0;10,7;0,3
C119;Manzana, néctar envasado;38;160;90,3;0,0;0,0;9,5;9,5;0,1
C120;Manzana pero con cáscara (para agua);31;130;85,6;0,3;0,1;13,8;8,3;5,5
C121;Manzana santa rosa (golden) con cáscara;53;221;82,3;0,2;0,1;17,3;14,4;2,8
C122;Manzana winter con cáscara;44;186;84,4;0,3;0,1;15,0;12,0;3,1
C123;Maracuyá, jugo natural, envasado;35;145;•;•;•;10,0;8,7;1,4
C124;Maracuyá, néctar envasado;9;37;97,6;0,0;0,0;2,3;2,1;0,2
C125;Naranja, bebida envasada;56;235;85,2;0,0;0,0;14,7;14,0;0,7
C126;Naranja, jugo natural, envasado;16;69;•;•;•;5,0;4,1;0,9
C127;Naranja, néctar envasado;43;179;•;•;•;12,3;10,7;1,6
C128;Naranja tangelo;24;98;91,0;1,0;0,2;7,4;5,2;2,2
C129;Naranja tangelo, jugo natural;16;69;93,0;0,7;0,2;5,9;3,5;2,4
C130;Naranjilla*;28;117;91,8;0,7;0,1;6,8;•;•
C131;Palta “fuerte”;104;436;69,7;1,9;8,9;17,1;6,5;10,6
C132;Papaya arequipeña;17;72;94,4;1,0;0,3;3,7;3,3;0,5
C133;Pera, néctar envasado;46;192;88,5;0,0;0,0;11,5;11,4;0,0
C134;Piña, bebida envasada;29;121;91,7;0,0;0,0;8,3;7,2;1,1
C135;Plátano “bellaco”;102;427;67,5;1,3;0,1;29,5;26,9;2,6
C136;Plátano “moquicho”;100;419;67,4;1,2;0,1;29,7;26,5;3,2
C137;Plátano palillo;105;440;66,8;0,9;0,3;31,0;27,8;3,2
C138;Plátano palillo maduro, harina de;293;1227;10,5;4,1;1,1;81,6;75,1;6,4
C139;Plátano palillo verde, harina de;295;1233;11,2;3,3;0,2;83,2;78,3;4,9
C140;Sancayo;17;73;94,0;0,8;0,6;4,0;2,7;1,3
C141;Warr’a;102;427;71,0;1,5;0,2;26,4;•;•
C142;Yak’u;116;485;69,3;1,8;2,2;25,3;•;•
D1;Aceite compuesto (vegetal 70% pescado 30%);884;3699;0,0;0,0;100,0;0,0;•;•
D2;Aceite de pescado, hidrogenado;884;3699;0,0;0,0;100,0;0,0;•;•
D3;Aceite vegetal de algodón;884;3699;0,0;0,0;100,0;0,0;0,0;0,0
D4;Aceite vegetal de girasol;884;3699;0,0;0,0;100,0;0,0;0,0;0,0
D5;Aceite vegetal de maíz;884;3699;0,0;0,0;100,0;0,0;0,0;0,0
D6;Aceite vegetal de maní;884;3699;0,0;0,0;100,0;0,0;0,0;0,0
D7;Aceite vegetal de olivo;884;3699;0,0;0,0;100,0;0,0;0,0;0,0
D8;Aceite vegetal de palma;884;3699;0,0;0,0;100,0;0,0;0,0;0,0
D9;Aceite vegetal de soya;884;3699;0,0;0,0;100,0;0,0;0,0;0,0
D10;Almendra;552;2308;5,1;23,4;54,1;14,3;4,4;9,9
D11;Avellana;497;2079;3,1;12,6;52,9;28,4;2,6;25,7
D12;Cacao, semillas secas;570;2387;3,6;12,0;46,3;34,7;•;•
D13;Castaña peruana (nuez de Brasil);646;2702;3,9;15,4;69,0;8,4;3,7;4,7
D14;Maní crudo, pelado con película;559;2339;7,3;24,1;48,2;17,7;9,2;8,5
D15;Maní sancochado;374;1565;32,3;15,9;27,5;21,9;13,1;8,8
D16;Maní tostado, sin película;590;2469;2,0;27,1;51,0;16,9;8,9;8,0
D17;Manteca de cerdo;879;3676;0,5;0,0;99,4;0,0;0,0;0,0
D18;Manteca vegetal;880;3699;0,1;0,0;99,5;0,0;0,0;0,0
D19;Mantequilla;729;3050;16,0;2,0;82,0;0,0;•;•
D20;Mantequilla con sal;717;3000;15,9;0,9;81,1;0,1;0,1;0,0
D21;Margarina vegetal con sal;720;3012;16,0;0,6;81,0;0,3;0,3;0,0
D22;Nuez;653;2731;3,8;16,9;69,1;8,3;3,8;4,5
D23;Cashú;572;2393;2,3;19,5;51,1;24,4;18,8;5,7
D24;Chía, semilla de;360;1507;7,7;23,4;32,5;31,8;1,7;30,1
D25;Linaza;428;1792;8,1;21,0;42,5;0,0;0,0;27,9
D26;Margarina, Astra de La Danesa 60% grasa vegetal;506;2117;34,9;0,0;57,2;0,0;•;•
D27;Margarina, Dorina Batida al 70% de grasa;597;2498;25,8;0,0;67,6;0,0;•;•
D28;Margarina, Dorina Clásica al 70% de grasa;578;2420;26,5;0,0;65,4;0,0;•;•
D29;Margarina, Dorina Light al 50% de grasa;409;1710;44,7;0,0;46,2;0,0;•;•
D30;Margarina, La Danesa 70% de grasa vegetal;590;2469;24,5;0,0;66,8;0,0;•;•
D31;Margarina, La Preferida 70% grasa;598;2502;24,6;0,0;67,6;0,0;•;•
D32;Margarina, Manty 40% de grasa vegetal;325;1361;50,6;0,0;36,8;0,0;•;•
D33;Margarina, Sello de Oro;607;2539;24,8;0,0;68,6;0,0;•;•
D34;Margarina, Swis Light;407;1704;44,8;0,0;46,1;0,0;•;•
D35;Margarina, Swis 60% de grasa;479;2002;36,6;0,0;54,1;0,0;•;•
D36;Ñuña;383;1604;4,4;20,2;13,1;58,8;50,0;8,8
D37;Pecana;670;2804;3,9;9,1;73,8;11,7;5,2;6,5
D38;Sacha Inchi tostado;572;2392;2,8;30,2;54,4;9,9;2,8;7,1
D39;Semilla de ajonjolí*;525;2195;4,7;17,7;49,7;23,5;11,7;11,8
D40;Semilla de ajonjoli negro;499;2087;5,4;18,9;51,3;18,9;0,9;17,9
D41;Semilla de girasol;585;2449;2,4;23,8;58,6;11,8;3,0;8,8
E1;Almeja blanca;71;299;82,4;14,4;1,1;0,0;•;•
E2;Aska (crustáceo), al estado natural;462;1934;8,0;56,6;19,4;11,1;•;•
E3;Aska, sometido a cocción (crustáceo);467;1954;8,0;56,0;20,3;10,9;•;•
E4;Barquillos;89;372;78,2;18,5;0,5;1,3;•;•
E5;Camaroncito seco (chino);247;1034;29,6;52,3;1,9;1,6;•;•
E6;Camarones frescos;88;370;78,0;17,8;0,2;2,6;•;•
E7;Cangrejo;94;395;75,2;19,8;0,6;1,1;•;•
E8;Cangrejo cocido*;97;407;78,4;14,8;2,9;1,9;•;•
E9;Caracol;87;365;78,6;16,9;0,8;1,9;1,9;0,0
E10;Chanque, loco o tolina;104;434;74,3;21,9;0,3;1,8;•;•
E11;Choros;91;383;78,7;13,0;2,3;3,7;•;•
E12;Concha de abanico;92;385;78,2;15,9;1,8;1,9;•;•
E13;Erizo;147;613;72,1;16,3;7,9;1,4;•;•
E14;Langostino blanco;69;289;83,8;14,5;0,8;•;•;•
E15;Lapas;86;361;78,1;18,5;0,4;0,9;•;•
E16;Machas;130;544;69,5;23,2;1,3;4,7;•;•
E17;Pescado acarabuazú, salado deshidratado;292;1222;25,0;47,5;9,9;0,0;•;•
E18;Pescado anchoveta;156;651;70,8;19,1;8,2;0,0;•;•
E19;Pescado atún, en conserva;181;756;65,3;22,9;9,9;•;•;•
E20;Pescado atún, enlatado en agua;116;485;72,5;25,5;0,8;•;•;•
E21;Pescado atún, enlatado en aceite;186;778;63,0;26,5;8,1;•;•;0,0
E22;Pescado atún, fresco;141;591;70,4;23,3;4,6;•;•;•
E23;Pescado ayanque o cachema;88;368;77,2;19,6;0,5;0,0;•;•
E24;Pescado bacalao fresco;82;343;80,2;17,8;0,7;•;•;0,0
E25;Pescado bacalao seco salado;290;1212;16,1;62,8;2,4;•;•;•
E26;Pescado bagre;80;335;80,9;15,2;1,7;•;•;•
E27;Pescado bonito;138;577;70,6;23,4;4,2;•;•;•
E28;Pescado bonito, huevera de;101;423;75,5;17,2;3,0;0,0;•;•
E29;Pescado bonito, músculo claro;113;474;73,4;23,8;1,3;•;•;•
E30;Pescado bonito, músculo oscuro;140;585;68,9;21,1;5,5;0,0;•;•
E31;Pescado bonito, pulpa asada;136;568;69,9;24,0;3,7;0,0;•;•
E32;Pescado bonito, seco salado;184;770;44,0;32,3;5,1;0,0;•;•
E33;Pescado boquichico, salado deshidratado;287;1199;24,3;47,9;9,1;0,0;•;•
E34;Pescado caballa, en conserva;225;942;60,1;24,8;14,0;•;•;•
E35;Pescado caballa, fresco;127;533;73,8;19,5;4,9;0,0;•;•
E36;Pescado caballa, salado;152;635;65,2;25,2;4,9;•;•;•
E37;Pescado cabinza;96;402;77,8;19,1;1,6;•;•;•
E38;Pescado cabrilla;96;400;77,9;18,6;1,8;•;•;•
E39;Pescado carachama;64;268;82,8;14,2;0,4;0,0;•;•
E40;Pescado cazón;98;410;75,0;21,8;0,5;0,0;•;•
E41;Pescado chita;88;368;78,0;19,8;0,4;•;•;•
E42;Pescado chita, huevera de;62;259;83,8;12,3;1,0;•;•;•
E43;Pescado chita, pulpa asada;99;414;75,1;21,0;1,0;0,0;•;•
E44;Pescado coco;99;414;78,7;17,4;2,7;•;•;•
E45;Pescado cojinova;103;430;75,6;20,7;1,6;0,0;•;•
E46;Pescado congrio;73;307;82,1;15,7;0,7;•;•;•
E47;Pescado corvina;124;519;72,6;19,5;4,5;0,0;•;0,0
E48;Pescado fuasaco, con espinas;72;301;79,5;16,3;0,3;0,0;•;•
E49;Pescado jurel, en conserva;127;531;67,0;23,2;3,8;0,0;•;•
E50;Pescado jurel, fresco;120;503;75,0;19,7;4,0;•;•;•
E51;Pescado lenguado;91;381;79,1;18,8;1,2;•;•;0,0
E52;Pescado lisa;119;498;74,6;20,8;3,3;•;•;•
E53;Pescado lorna, fresco;96;402;76,3;18,5;1,9;0,0;•;•
E54;Pescado lorna, pulpa seca salada;150;628;44,8;30,9;2,0;0,0;•;•
E55;Pescado machete;136;570;72,5;20,5;5,4;•;•;•
E56;Pescado maparate, con espinas;73;304;79,1;15,1;0,9;0,0;•;•
E57;Pescado merluza, fresco;72;303;82,4;15,8;0,5;•;•;•
E58;Pescado merluza, seco;363;1519;9,2;73,8;5,3;•;•;•
E59;Pescado mero, fresco*;110;460;77,9;20,8;2,3;0,0;0,0;0,0
E60;Pescado paiche, seco;247;1033;40,4;38,2;9,3;0,0;•;•
E61;Pescado pampanito;106;444;76,0;19,2;2,7;0,0;•;•
E62;Pescado paña, salado deshidratado;288;1204;21,5;54,3;6,2;0,0;•;•
E63;Pescado pejerrey;105;441;76,5;19,6;2,4;•;•;•
E64;Pescado pejesapo;101;423;76,0;22,1;0,7;•;•;•
E65;Pescado pejesapo, pulpa asada;87;364;77,8;19,5;0,4;0,0;•;•
E66;Pescado pejesapo, pulpa sancochada;83;347;77,8;18,7;0,3;0,0;•;•
E67;Pescado perico;91;381;76,5;20,5;0,4;0,0;•;•
E68;Pescado pintadilla;85;356;77,4;18,8;0,5;0,0;•;•
E69;Pescado ractacara, con espinas;87;364;74,2;15,4;2,3;0,0;•;•
E70;Pescado raya, pulpa asada;136;569;65,9;31,1;0,4;0,0;•;•
E71;Pescado róbalo;95;397;76,5;21,3;0,5;•;•;•
E72;Pescado sardina, con aceite;267;1116;54,8;21,7;20,0;•;•;•
E73;Pescado sardina, con tomate;151;631;68,0;22,2;6,9;•;•;
E74;Pescado sardina, en grated (en conserva);171;714;65,4;22,4;9,0;•;•;•
E75;Pescado sardina, filete (en conserva);202;846;60,6;25,8;11,0;•;•;•
E76;Pescado sardina, fresco;146;610;71,3;20,2;6,6;0,0;•;•
E77;Pescado tilapia, cruda*;96;402;78,1;20,1;1,7;0,0;0,0;0,0
E78;Pescado toyo, fresco;89;371;78,8;19,5;0,6;•;•;•
E79;Pescado toyo, seco salado;186;776;38,3;38,6;2,3;0,0;•;•
E80;Pescado tramboyo;85;356;78,8;19,2;0,3;0,0;•;•
E81;Pescado trucha rosada;110;460;75,3;20,9;2,3;•;•;•
E82;Pescado trucha, en conserva;167;699;66,8;21,5;9,0;0,0;•;•
E83;Pescado trucha, fresca;111;465;75,8;19,5;3,1;•;•;•
E84;Pescado yahuarachi, con espinas;86;360;77,3;15,5;2,2;0,0;•;•
E85;Pescado yuliya, con espinas;85;356;77,6;16,9;1,4;0,0;•;•
E86;Pescado zúngaro, salado deshidratado;286;1196;24,1;47,3;9,3;0,0;•;•
E87;Pique;78;326;79,3;15,9;1,1;0,0;•;•
E88;Pota;91;380;78,1;16,0;1,1;3,1;•;•
E89;Pota, concentrado proteico de;396;1658;5,9;91,8;0,3;0,5;•;•
E90;Pulpo;80;334;81,6;13,6;1,4;2,2;•;•
F1;Ballena, carne pulpa de;90;377;78,0;18,6;1,2;0,0;•;•
F2;Carnero, cabeza sancochada de;111;464;79,2;14,2;5,6;0,0;•;•
F3;Carnero, corazón de;115;456;77,0;15,9;4,6;1,4;1,4;0,0
F4;Carnero, hígado de;131;549;72,1;19,9;4,0;2,6;2,6;0,0
F5;Carnero, panza de (mondongo);72;301;83,8;15,7;0,6;0,0;0,0;0,0
F6;Carnero, patas sancochadas de;108;452;76,5;20,9;2,1;0,0;•;•
F7;Carnero, pulmón de (bofe);77;322;81,0;13,4;2,2;0,0;0,0;0,0
F8;Carnero, riñón;109;456;76,7;18,0;3,2;0,8;0,8;0,0
F9;Carnero, sesos de;113;473;79,1;10,0;7,8;0,0;0,0;0,0
F10;Carnero, pulpa gorda;267;1117;60,7;16,9;21,6;0,0;0,0;0,0
F11;Carnero, pulpa muy magra;136;569;73,8;19,0;6,1;0,0;•;•
F12;Carnero, pulpa semigorda;253;1059;61,4;18,2;19,4;0,0;0,0;0,0
F13;Cerdo, carne sin hueso;198;828;69,2;14,4;15,1;0,1;0,1;0,0
F14;Cerdo, hígado de;128;506;73,7;18,5;4,7;1,7;1,7;0,0
F15;Cerdo, patas semigordas;284;1188;57,0;20,0;22,0;0,0;•;•
F16;Cerdo, pulmón de (bofe);79;331;81,3;13,5;2,4;0,0;0,0;0,0
F17;Cerdo, riñón de;139;582;75,4;13,9;8,8;0,0;0,0;0,0
F18;Chivo, carne pulpa de;115;481;73,9;19,4;3,6;0,0;0,0;0,0
F19;Conejo, carne pulpa de;136;569;72,8;20,1;5,6;0,0;0,0;0,0
F20;Gallina, pechuga de (sin piel);108;452;73,2;19,2;2,9;0,0;0,0;0,0
F21;Gallina, pierna de (sin piel);120;502;71,3;20,6;3,6;0,0;0,0;0,0
F22;Majaz, carne pulpa de;108;452;74,7;21,4;1,2;1,4;•;•
F23;Motelo, carne pulpa de;113;474;74,6;21,4;1,8;1,4;•;•
F24;Pato, carne de;326;1364;54,3;16,0;28,6;0,0;0,0;0,0
F25;Pavo, carne de;160;669;70,4;20,4;8,0;0,0;0,0;0,0
F26;Pollo, carne pulpa;119;498;74,5;21,4;3,1;0,0;0,0;0,0
F27;Pollo, corazón de;157;656;72,6;15,6;9,3;1,6;1,6;0,0
F28;Pollo, hígado de;125;523;73,6;18,0;3,9;3,4;•;•
F29;Pollo, sangre cocida;69;289;82,0;16,0;0,1;•;•;•
F30;Pollo, sangre cruda de;65;272;83,0;15,0;0,1;•;•;•
F31;Rana, carne de;73;305;81,9;16,4;0,3;0,0;0,0;0,0
F32;Tortuga charapa, carne de;79;326;81,6;16,4;0,9;0,1;•;•
F33;Res, bazo de;92;385;78,1;18,9;1,2;0,0;0,0;0,0
F34;Res, cabeza sancochada de;111;460;77,1;18,6;3,4;0,2;•;•
F35;Res, carne pulpa de;105;439;75,9;21,3;1,6;0,0;0,0;0,0
F36;Res, corazón de;103;431;77,0;16,6;3,5;0,1;0,1;0,0
F37;Res, criadillas de;60;243;86,9;9,8;1,8;0,4;•;•
F38;Res, hígado de;140;584;70,8;20,0;4,6;3,3;3,3;0,0
F39;Res, lengua de;173;723;71,1;16,5;11,2;0,3;0,3;0,0
F40;Res, panza de (mondongo);104;435;79,5;16,9;3,5;0,0;0,0;0,0
F41;Res, pata sancochada de;152;636;68,8;23,7;5,6;0,0;0,0;0,0
F42;Res, pulmón de (bofe);83;347;80,0;17,2;1,1;0,0;0,0;0,0
F43;Res, riñón de;92;384;79,6;15,1;2,9;0,3;0,3;0,0
F44;Res, sesos de;135;565;78,1;11,3;9,6;0,0;0,0;0,0
F45;Res, ubre de;233;977;66,0;14,1;19,2;•;0,0;0,0
F46;Carnero, carne seca sin hueso (chalona);320;1340;20,2;50,3;11,7;•;•;•
F47;Chicharrón de cerdo (cocido);602;2720;22,6;11,3;61,4;•;•;•
F48;Chicharrón de prensa;438;1824;29,9;23,9;37,2;•;•;•
F49;Chorizo;287;1201;52,3;21,0;21,9;•;0,0;0,0
F50;Jamón del país;344;1439;47,9;24,7;26,4;•;0,0;0,0
F51;Jamonada;344;1393;49,3;15,7;29,5;2,8;2,8;0,0
F52;Mortadela;256;1075;57,9;9,8;19,7;9,4;9,4;0,0
F53;Paté;500;2075;35,0;10,9;49,8;1,1;1,1;0,0
F54;Queso de chancho;242;1021;55,5;20,1;17,3;•;•;•
F55;Relleno;119;448;75,5;14,4;5,0;3,2;3,2;0,0
F56;Salchicha blanca chica;449;1845;40,1;12,0;43,2;2,0;2,0;0,0
F57;Salchicha blanca grande;363;1460;47,9;13,6;32,3;3,5;3,5;0,0
F58;Hot Dog;364;1531;49,4;11,0;34,3;2,1;•;•
F59;Salchicha de “Huacho”;461;1895;38,2;12,9;44,0;2,4;2,4;0,0
F60;Tocino;493;2050;32,8;13,5;47,9;0,8;0,8;0,0
F61;Alpaca, carne pulpa de;109;448;73,9;24,1;0,5;0,3;•;•
F62;Carnero, criadillas fritas**;97;406;78,4;15,8;3,0;1,6;•;•
F63;Carnero, panza cocida (mondongo)**;92;385;80,7;12,3;3,1;3,7;•;•
F64;Carnero, pierna cocida**;260;1088;56,4;24,8;17,6;0,5;•;•
F65;Carnero, sangre cocida**;122;510;74,4;20,4;4,5;0,0;•;•
F66;Cerdo, carne magra, cruda*;143;598;72,2;21,4;5,7;0,0;0,0;0,0
F67;Cerdo, corazón de**;131;548;74,1;15,9;6,2;2,9;•;•
F68;Cerdo, costilla, cruda*;282;1180;59,4;16,1;23,6;0,0;0,0;0,0
F69;Cerdo, churrasco c/piel*;527;2205;4,8;58,5;30,5;4,6;•;•
F70;Cerdo, cuero**;505;2113;14,5;48,4;34,6;0,0;•;•
F71;Cerdo, lengua cocida de**;325;1360;52,7;6,1;27,5;13,0;•;•
F72;Cordero, pierna cruda*;128;538;74,1;20,6;4,5;0,0;0,0;0,0
F73;Codorniz, carne cocida de **;199;833;59,8;21,1;8,4;9,6;•;•
F74;Cuy, carne de;96;402;78,1;19,0;1,6;0,1;0,1;0,0
F75;Llama, carne fresca de**;130;544;70,3;22,5;3,3;2,7;•;•
F76;Llama, carne seca de (charqui);279;1167;25,8;57,7;3,6;1,1;•;•
F77;Pate de hígado de pollo, envasado*;201;841;65,6;13,5;13,1;6,6;6,6;0,0
F78;Pollo, alas con piel, crudas*;222;929;65,2;18,3;16,0;0,0;0,0;0,0
F79;Pollo, molleja, cruda*;94;393;79,3;17,7;2,1;0,0;0,0;0,0
F80;Pollo, mollejas cocidas de**;149;623;68,1;23,7;4,9;2,6;•;•
F81;Pollo, pata con piel, cruda***;170;711;68,9;16,9;10,0;3,1;•;•
F82;Pollo, pechuga cocida de**;213;891;59,6;18,9;11,3;8,8;•;•
F83;Pollo, pechuga frita de**;393;1644;40,0;19,6;31,5;8,0;•;•
F84;Pollo, pierna cocida de**;193;808;63,8;20,2;10,5;4,4;•;•
F85;Pollo, pierna frita de**;218;912;59,9;20,7;12,4;5,9;•;•
F86;Pollo, vísceras o menudencia cruda*;168;703;69,8;17,9;9,2;2,1;2,1;0,0
F87;Res, bazo cocido de**;116;485;72,4;18,2;2,0;6,3;•;•
F88;Res, carne frita**;182;761;66,8;15,4;10,7;6,1;•;•
F89;Res, carne cruda molida**;152;636;70,6;20,1;7,7;0,7;•;•
F90;Res, carne molida frita**;196;820;67,0;15,6;14,1;1,8;•;•
F91;Res, charque crudo**;292;1222;20,0;62,4;4,1;1,4;•;•
F92;Res, cuadril, churrasco***;133;556;71,8;22,0;5,0;0,0;•;•
F93;Res (ternera), costilla cruda***;95;397;76,3;20,0;1,7;0,0;•;•
F94;Res, hígado frito**;174;728;62,9;21,0;6,4;8,0;•;•
F95;Res, lengua cocida**;269;1125;54,9;16,6;18,2;9,5;•;•
F96;Res, panza cocida**;116;485;75,5;19,7;4,1;0,4;•;•
F97;Res, pata de**;120;502;71,0;8,2;1,1;19,3;•;•
F98;Res, sangre cocida**;137;573;73,5;19,5;6,6;0,0;•;•
F99;Res, sangre cruda**;135;565;73,6;19,8;6,2;0,0;•;•
F100;Sajino, carne pulpa de;106;444;75,0;21,4;1,1;1,3;•;•
F101;Venado, carne pulpa de;110;462;73,9;22,9;0,8;1,4;•;•
F102;Venado, carne seca de;160;632;57,1;32,4;1,4;2,4;•;•
F103;Ziqui - zapa (hormiga);487;2033;8,0;36,3;28,9;18,4;•;•
G1;Crema de leche, espesa;345;1443;57,7;2,1;37,0;2,8;2,8;0,0
G2;Crema de leche, rala;195;816;73,8;2,7;19,3;3,7;3,7;0,0
G3;Leche condensada endulzada;322;1347;27,2;7,9;9,2;53,7;53,7;0,0
G4;Leche en polvo descremada;362;1515;3,2;36,2;0,8;52,0;52,0;0,0
G5;Leche en polvo entera;484;2025;3,9;27,0;26,1;36,1;36,1;0,0
G6;Leche evaporada descremada;79;331;80,0;7,1;0,9;10,5;10,5;0,0
G7;Leche evaporada entera;133;556;73,5;6,3;7,7;10,9;10,9;0,0
G8;Leche fresca c/menos de 1% grasa;43;180;90,1;3,5;1,0;4,7;4,7;0,0
G9;Leche fresca entera (plusa);64;268;87,8;3,2;3,2;5,1;5,1;0,0
G10;Leche fresca de cabra;66;276;87,3;3,2;3,8;5,0;5,0;0,0
G11;Leche fresca de vaca;63;264;87,8;3,1;3,5;4,9;4,9;0,0
G12;Leche materna;70;293;87,5;1,0;4,4;6,9;6,9;0,0
G13;Queso fresco de cabra;173;724;65,1;16,3;10,3;3,4;3,4;0,0
G14;Queso fresco de vaca;264;1105;55,0;17,5;20,1;3,3;3,3;0,0
G15;Queso mantecoso;396;1657;33,5;28,0;30,0;3,3;3,3;0,0
G16;Queso parmesano duro;440;1841;22,2;39,1;30,3;1,8;1,8;0,0
G17;Yogurt de leche entera;61;255;87,9;3,5;3,3;4,7;4,7;0,0
G18;Yogurt frutado de leche semidescremada;97;406;73,8;4,1;2,8;18,5;18,2;0,3
G19;Yogurt frutado de leche descremada;95;397;75,4;4,4;0,2;19,0;19,0;0,0
G20;Yogurt natural de leche descremada;56;234;85,2;5,7;0,2;7,7;7,7;0,0
G21;Leche fresca de vaca, descremada***;30;126;91,5;2,5;0,0;5,0;5,0;0,0
G22;Leche parcialmente descremada sabor “chocolate” UHT;82;341;82,0;3,0;2,8;11,3;11,3;0,0
G23;Queso andino;375;1567;42,0;22,6;31,4;0,6;0,6;0,0
G24;Queso Paria;298;1246;48,9;19,2;24,5;0,0;0,0;0,0
G25;Yogurt bebible descremado durazno con calcio;50;210;86,6;4,1;0,1;8,1;8,1;0,0
G26;Yogurt bebible de fresa;78;327;80,9;2,7;1,2;14,5;14,5;0,0
H1;Cerveza;36;151;94,5;0,3;0,0;5,1;5,1;0,0
H2;Chicha de aguaje;54;226;87,2;0,4;0,8;11,2;•;•
H3;Chicha de cebada;24;100;94,0;0,1;0,2;5,5;•;•
H4;Chicha de jora;28;117;93,2;0,4;0,3;5,8;•;•
H5;Chicha de maíz morado con azúcar;20;84;95,0;0,0;0,0;4,9;•;•
H6;Chicha de maní;34;142;92,1;0,5;0,8;6,3;•;•
H7;Chicha de pijuayo;47;197;88,3;0,8;0,1;10,6;•;•
H8;Chicha de soya;41;172;89,9;0,6;0,2;9,1;•;•
H9;Chicha de yuca (masato);37;155;90,4;0,2;0,1;8,9;•;•
H10;Coca Cola;39;163;89,5;0,0;0,0;10,5;10,5;0,0
H11;Inca Kola;41;172;89,0;0,0;0,0;11,0;•;•
H12;Bebida de soya;38;159;91,4;3,0;1,4;3,8;2,5;1,3
H13;Té sin azúcar;1;4;99,6;0,1;0,0;0,2;0,2;0,0
H14;Vino blanco (grado alcohólico: 12,0);81;338;•;•;•;•;•;•
H15;Vino tinto (grado alcohólico: 10,2);69;287;•;•;•;•;•;•
H16;Café sin azúcar;2;8;99,1;0,1;0,0;0,6;0,6;0,0
J1;Huevo de charapa;222;929;61,3;16,3;16,0;1,8;;•
J2;Huevo de gallina, clara de;51;213;87,6;10,9;0,2;0,7;0,7;0,0
J3;Huevo de gallina entero, sancochado en agua;145;605;75,6;12,8;9,9;•;•;•
J4;Huevo de gallina entero, crudo;156;652;72,2;12,7;11,1;•;•;•
J5;Huevo de gallina, yema de;354;1481;50,1;15,6;30,9;1,9;1,9;0,0
J6;Huevo de tortuga motelo;143;598;73,5;16,4;7,3;1,6;•;•
J7;Huevo de pata;166;695;72,5;13,1;11,1;2,3;2,3;0,0
J8;Huevo de pata, yema de;426;1782;41,7;15,1;38,8;2,8;2,8;0,0
J9;Huevo de tortuga taricaya;178;745;66,0;15,1;11,3;2,9;•;•
J10;Huevo de gallina, clara sancochada en agua;55;229;86,0;11,9;0,3;•;•;•
J11;Huevo de gallina, yema sancochada en agua;360;1507;48,7;16,3;32,1;•;•;•
J12;Huevo de codorniz, entero crudo;140;586;70,8;12,6;9,4;•;•;•
J13;Huevo de codorniz, entero sancochado en agua;168;701;69,9;12,7;12,4;•;•;•
J14;Huevo de codorniz, clara sancochada en agua;47;197;86,4;10,6;0,1;•;•;•
J15;Huevo de codorniz, yema sancochada en agua;295;1234;50,2;13,5;26,2;•;•;•
K1;Azúcar granulada o refinada;384;1619;0,6;0,0;0,0;99,2;99,2;0,0
K2;Azúcar rubia;380;1590;2,0;0,0;0,0;97,5;97,5;0,0
K3;Chancaca;324;1356;15,8;0,0;0,0;83,9;83,9;0,0
K4;Miel de abeja;330;1381;14,1;0,0;0,0;85,6;85,4;0,2
K5;Miel de caña;282;1180;26,3;0,3;0,2;72,0;72,0;0,0
K6;Mermelada de durazno;196;820;48,2;0,6;0,1;50,7;•;•
K7;Mermelada frutilla;229;958;39,7;0,4;0,2;59,4;•;•
L1;Achiote seco;388;1623;3,1;11,3;5,3;74,9;•;•
L2;Algas;249;1042;3,4;67,8;6,5;15,3;•;•
L3;Azafrán sin cáscara (palillo fresco);71;298;80,3;1,3;0,4;16,7;•;•
L4;Café grano sin tostar;203;849;6,3;11,7;10,8;68,2;•;•
L5;Cochayuyo fresco;20;84;90,1;1,7;0,4;4,7;2,5;2,2
L6;Cocoa;404;1690;8,7;19,0;17,1;47,8;•;•
L7;Cominos;375;1569;8,1;17,8;22,3;44,2;33,7;10,5
L8;Extracto de algarrobo en polvo;340;1423;12,5;12,0;3,2;65,8;•;•
L9;Champiñones;22;94;90,3;3,0;0,4;5,6;1,7;3,9
L10;Laurel;188;787;45,2;4,2;1,2;47,1;•;•
L11;Pimienta negra;255;1067;10,5;11,0;3,3;71,0;44,5;26,5
L12;Té hojas secas;308;1289;11,4;8,0;4,0;71,4;•;•
L13;Yuyo fresco;41;172;86,1;2,1;0,1;8,0;•;•
L14;Ají dulce seco, molido (paprika);362;1516;9,1;14,5;17,9;49,5;•;•
L15;Algarrobina (líquida);368;1539;5,2;5,2;0,2;85,5;•;•
L16;Anís, semilla*;337;1410;9,5;17,6;15,9;50,0;35,4;14,6
L17;Caldo de res*;40;167;92,4;1,2;2,4;3,3;•;•
L18;Caldo de pollo, o gallina*;89;372;88,1;0,2;9,8;0,0;•;•
L19;Clavo de olor, molido*;323;1351;6,9;6,0;20,1;61,2;27,0;34,2
L20;Canela, molida*;261;1092;9,5;3,9;3,2;79,9;25,6;54,3
L21;Condimentos o especies molidas no especificadas*;263;1100;8,5;6,1;8,7;72,1;50,5;21,6
L22;Cushuro o nostoc deshidratada (alga);242;1013;15,1;29,0;0,5;46,9;•;•
L23;Levadura fresca para pan**;113;473;70,6;13,4;0,3;14,2;•;•
L24;Levadura seca**;359;1502;7,2;41,6;1,2;45,5;•;•
L25;Nuez moscada, molida*;440;1842;6,2;5,8;36,3;49,3;28,5;20,8
L26;Pimienta blanca*;296;1238;11,4;10,4;2,1;68,6;42,4;26,2
L27;Salsa envasada, inglesa*;67;280;78,5;0,0;0,0;19,5;19,5;0,0
L28;Setas;19;80;90,5;2,3;0,1;6,5;2,1;4,4
L29;Vainilla, extracto*;288;1205;52,6;0,1;0,1;12,7;12,7;0,0
Q1;Al 110 maternizada;502;2100;3,0;14,0;25,0;55,3;•;•
Q2;Cerelac manzana;414;1732;3,0;11,0;7,4;75,6;•;•
Q3;Cerelac trigo;425;1778;1,5;11,5;7,8;77,2;•;•
Q4;Eledón maternizada;417;1745;3,0;27,9;12,0;49,8;49,8;0,0
Q5;Nan maternizada;509;2130;3,0;11,4;26,0;57,7;•;•
Q6;Nestúm cereal mixto;380;1590;3,0;9,4;1,2;82,9;•;•
Q7;Nestúm tres cereales;376;1573;4,0;10,7;2,4;77,8;•;•
Q8;Pelargón maternizada;458;1916;3,0;16,5;17,1;59,6;•;•
T1;Arveja partida, harina de;346;1448;10,1;21,6;1,1;64,4;•;•
T2;Arveja, fresca sin vaina;85;357;72,6;7,1;0,6;18,8;13,7;5,1
T3;Arveja, seca sin cáscara;247;1033;11,5;21,7;3,2;61,1;35,6;25,5
T4;Arvejón;238;997;12,1;21,4;1,9;61,9;36,4;25,5
T5;Frejol aguisho;231;968;12,6;22,7;1,6;59,1;34,2;24,9
T6;Frejol amarillo común;232;970;12,6;21,1;1,5;61,0;35,9;25,1
T7;Frejol bayo;244;1021;14,2;20,3;2,2;59,5;38,1;21,4
T8;Frejol bayo americano;232;971;13,4;20,3;1,5;61,5;36,6;24,9
T9;Frejol zarandaja;236;985;12,8;21,7;1,8;60,3;35,7;24,5
T10;Frejol bountiful bean;334;1397;12,9;17,3;0,9;65,2;•;•
T11;Frejol bush bean;227;951;13,3;24,2;1,6;56,8;31,9;24,9
T12;Frejol caballero;267;1119;12,5;22,9;1,5;58,3;43,1;15,2
T13;Frejol caballero o blanco cocido;67;279;75,8;5,1;0,4;17,5;11,2;6,3
T14;Frejol california;232;970;13,2;20,7;2,1;59,9;35,0;24,9
T15;Frejol canario;236;988;11,7;21,9;2,1;60,1;35,0;25,1
T16;Frejol canario cocido;43;180;77,8;5,2;0,5;15,5;5,1;10,4
T17;Frejol canario, fresco (frejol verde);102;427;58,4;9,7;0,6;29,6;15,6;14,0
T18;Frejol canario serranito;238;996;12,2;19,2;1,8;63,3;38,4;24,9
T19;Frejol caraotas;228;955;13,5;21,2;1,4;60,0;35,1;24,9
T20;Frejol castilla;227;950;13,3;23,3;2,7;56,9;30,5;26,4
T21;Frejol chavín;234;978;12,6;19,2;1,4;63,1;38,2;24,9
T22;Frejol chiclayo;223;934;15,1;21,4;1,6;58,2;33,3;24,9
T23;Frejol chiclayo dosmesino fresco;100;419;73,2;8,4;0,4;16,6;•;•
T24;Frejol cocacho;230;963;13,1;21,3;1,2;60,8;35,9;24,9
T25;Frejol dulce (ancash);236;988;12,4;19,4;1,8;62,7;37,8;24,9
T26;Frejol negro;270;1131;13,6;18,2;1,3;63,4;48,2;15,2
T27;Frejol nucya blanco;237;990;12,5;20,0;1,9;62,1;37,2;24,9
T28;Frejol nucya plomo;233;975;12,9;19,8;1,6;62,0;37,1;24,9
T29;Frejol palo;345;1442;10,3;18,4;1,4;66,1;•;•
T30;Frejol palo, fresco (lenteja verde);82;341;67,6;7,0;0,8;23,2;12,5;10,7
T31;Frejol panamito;235;981;12,2;21,5;1,7;60,7;35,8;24,9
T32;Frejol plomo;236;987;12,7;20,1;1,8;62,0;37,1;24,9
T33;Frejol pole bean;229;960;13,2;22,4;1,2;59,7;34,8;24,9
T34;Frejol red kidney;270;1128;13,6;19,2;1,2;62,6;47,4;15,2
T35;Frejol shimpe fresco;51;213;86,0;3,7;0,1;9,1;•;•
T36;Frejol soya;369;1542;9,5;33,7;18,7;32,7;23,4;9,3
T37;Frejol tarhui o chocho cocido con cáscara;140;584;69,7;11,6;8,6;9,5;6,7;2,8
T38;Frejol tarhui o chocho, harina de;458;1916;7,0;49,6;27,9;12,9;•;•
T39;Frejol tarhui o chocho, seco;277;1159;46,3;17,3;17,5;17,3;•;•
T40;Frejol terciopelo;358;1498;11,5;21,0;5,6;58,5;•;•
T41;Frejol vacapaleta;226;948;15,6;18,3;2,4;60,1;35,2;24,9
T42;Frejol white kidney;268;1121;13,1;22,1;1,1;59,9;44,7;15,2
T43;Garbanzo, cocido;127;530;61,9;6,9;2,5;27,8;20,2;7,6
T44;Garbanzo;293;1225;10,8;17,6;5,4;63,3;45,9;17,4
T45;Guaba fresco;141;590;63,3;10,7;0,7;24,0;•;•
T46;Guaba seco;346;1448;10,7;20,3;2,1;63,3;•;•
T47;Habas frescas, sin cáscara y sin vaina;134;562;60,6;11,3;0,8;25,9;21,7;4,2
T48;Habas secas con cáscara cruda;340;1423;11,5;23,8;1,5;60,1;•;•
T49;Habas secas sin cáscara;233;976;13,6;25,9;2,4;55,3;30,3;25,0
T50;Habas secas sin cáscara cocida;83;347;72,8;7,3;0,5;18,5;13,1;5,4
T51;Habas, harina de;310;1297;8,1;22,4;2,3;64,6;52,5;12,1
T52;Lentejas chicas;211;883;13,0;22,6;1,0;61,0;30,5;30,5
T53;Lentejas chicas cocidas;65;274;74,6;6,4;0,1;18,3;10,4;7,9
T54;Lentejas grandes;214;895;12,4;23,2;1,1;61,0;30,5;30,5
T55;Pallar morado;259;1082;12,1;20,0;1,3;62,8;43,8;19,0
T56;Pallar seco;253;1060;11,6;20,4;1,2;61,4;42,4;19,0
T57;Pallar sin cáscara;260;1088;12,2;21,6;1,4;61,6;42,6;19,0
T58;Pallar cocido, con cáscara;94;393;68,1;7,7;0,8;21,9;14,9;7,0
T59;Arveja colantao, fresca;35;147;88,5;3,1;0,1;7,8;5,9;2,0
T60;Arveja, harina de;306;1280;8,2;19,9;2,4;67,0;53,3;13,7
T61;Arveja verde partida sancochada;120;503;65,6;10,1;1,8;21,8;17,3;4,5
T62;Caza o parka;342;1432;11,0;25,1;2,0;58,6;•;•
T63;Frejol bayo sancochado;111;463;63,8;9,8;0,9;24,3;16,9;7,3
T64;Frejol castilla sancochado;119;500;64,4;10,1;1,8;22,7;17,1;5,6
T65;Frejol chiclayo marron;334;1396;13,5;22,6;2,1;58,4;•;•
T66;Frejol chiclayo pindayllo;343;1436;11,6;25,1;2,9;57,0;•;•
T67;Frejol chiclayo rojo;335;1403;13,5;21,8;2,5;58,8;•;•
T68;Frejol de Iberia;343;1436;10,0;22,7;1,3;62,3;•;•
T69;Frejol negro sancochado;104;435;64,4;9,8;1,7;22,8;13,8;9,1
T70;Frejol ñuña;271;1134;11,3;19,1;1,2;64,6;47,9;16,7
T71;Frejol panamito sancochado;106;445;62,5;9,5;1,4;25,4;15,1;10,3
T72;Frejol soya, bebida (leche de soya UHT);49;206;88,8;3,0;1,8;6,0;•;•
T73;Frejol soya, cocido;176;735;62,8;15,3;9,2;11,1;•;•
T74;Frejol soya, harina integral;359;1503;8,0;37,4;23,0;26,4;9,2;17,2
T75;Frejol soya, harina integral tostada;433;1814;6,5;40,5;23,4;23,9;•;•
T76;Frejol ucayalino;334;1398;13,5;21,7;2,3;58,8;•;•
T77;Frejol zarandaja sancochado;114;478;62,6;9,9;1,0;25,5;17,6;7,9
T78;Gigante rojo, cáscara del grano;348;1456;10,3;4,4;0,7;80,3;•;•
T79;Gigante rojo, cáscara fresca del grano;125;523;67,4;2,7;0,2;28,0;•;•
T80;Gigante rojo, pulpa fresca;166;695;56,0;16,3;0,6;25,7;•;•
T81;Gigante rojo, pulpa seca;333;1395;12,0;31,6;1,3;52,3;•;•
T82;Hemico leguminoso;331;1387;12,6;25,6;1,7;56,1;•;•
T83;Pallar del río Manú;329;1376;13,4;22,0;0,9;60,2;•;•
T84;Poroto de cumbasa;357;1495;11,0;22,5;5,5;57,3;•;•
T85;Proteínas, (proteína de soya);350;1464;5,8;49,3;0,5;36,0;•;•
U1;Arracacha o racacha;94;392;72,4;1,1;0,3;25,2;22,9;2,3
U2;Ashipa;170;713;55,3;1,4;0,3;42,7;40,8;1,9
U3;Camote amarillo sin cáscara;95;399;73,5;2,0;0,0;23,4;20,5;2,9
U4;Camote blanco;114;478;68,8;1,7;0,1;28,3;•;•
U5;Camote morado sin cáscara;105;440;71,6;1,4;0,3;25,7;•;•
U6;Camote, harina de;341;1427;9,9;2,1;0,9;84,3;81,3;3,0
U7;Curao;62;258;82,5;1,6;0,1;14,7;•;•
U8;Koshñipa;135;565;63,2;1,6;0,2;33,6;•;•
U9;Kuros;93;391;74,5;1,8;0,2;22,6;•;•
U10;Llacón;51;215;86,6;0,3;0,3;12,5;•;•
U11;Maca (tubérculo seco);301;1258;15,3;11,8;1,6;66,3;•;•
U12;Maca silvestre;69;288;79,8;3,5;1,0;13,2;•;•
U13;Maca, afrechillo;316;1322;12,0;10,5;0,6;73,4;•;•
U14;Maca, almidón;350;1464;11,0;6,1;1,2;80,1;•;•
U15;Maca, pasta integral;310;1297;11,1;14,0;1,0;68,4;•;•
U16;Mashua;32;135;88,0;0,7;0,1;10,6;7,7;2,9
U17;Olluco sin cáscara;59;246;83,7;1,1;0,1;14,3;•;•
U18;Papa amarilla sin cáscara;101;423;73,2;2,0;0,4;23,3;22,9;0,4
U19;Papa blanca;87;363;74,5;2,1;0,1;22,3;19,9;2,4
U20;Papa chuño negro;333;1392;14,1;4,0;0,2;79,4;•;•
U21;Papa color morado deshidratada;324;1358;13,3;8,7;0,2;74,1;•;•
U22;Papa helada amarga;180;752;54,5;1,8;0,6;42,1;•;•
U23;Papa huayro con cáscara;71;295;81,0;1,9;0,1;15,9;•;•
U24;Papa moraya chuño pelado;323;1350;18,1;1,9;0,5;77,7;•;•
U25;Papa seca;322;1347;14,8;8,2;0,7;72,8;•;•
U26;Papa, harina de;308;1289;10,9;6,4;0,4;77,1;71,2;5,9
U27;Papas deshidratadas con lejía;319;1336;14,0;8,0;0,3;73,1;•;•
U28;Pituca o taro;82;343;73,7;1,6;0,5;23,2;19,1;4,1
U29;Pituca, harina de;342;1430;9,7;8,1;0,3;78,6;•;•
U30;Radiche;77;323;78,0;1,8;0,1;18,6;•;•
U31;Betarraga;18;76;91,3;2,0;0,3;5,4;2,7;2,7
U32;Sachapapa;96;401;72,2;1,8;1,5;23,5;19,4;4,1
U33;Sachapapa blanca, bulbo;126;527;67,2;2,5;0,1;29,4;•;•
U34;Yuca amarilla fresca sin cáscara;147;613;59,0;0,6;0,2;39,1;37,3;1,8
U35;Yuca asada;168;702;53,7;0,6;0,3;44,4;42,6;1,8
U36;Yuca blanca fresca sin cáscara;115;480;65,8;0,7;0,5;31,8;28,3;3,5
U37;Yuca blanca sancochada;136;569;62,0;0,5;0,2;36,4;34,6;1,8
U38;Yuca, harina de;333;1392;17,1;0,3;0,1;82,2;82,1;0,1
U39;Achira blanca (rizoma, raíz);96;402;73,2;1,4;0,1;23,8;•;•
U40;Achira morada (rizoma, raíz);94;393;74,0;1,4;0,1;23,2;•;•
U41;Camote de Huarayoc;106;445;71,0;1,6;0,2;26,1;•;•
U42;Camote deshidratado;333;1391;11,0;3,7;0,7;82,4;•;•
U43;Camote deshidratado tratado con lejía;327;1369;11,5;5,3;0,8;79,6;•;•
U44;Cushusho (tubérculo);287;1202;15,7;16,3;0,5;61,9;•;•
U45;Dale - Dale (tubérculo);115;483;67,0;4,3;0,2;26,5;•;•
U46;Iguana papa (tubérculo);77;322;78,0;5,0;0,2;15,3;•;•
U47;Maca, harina de;328;1374;6,6;8,7;4,1;78,9;70,3;8,6
U48;Nopu - zumaca (tubérculo);143;596;59,8;7,1;0,4;31,1;•;•
U49;Oca deshidratada (ccaya);311;1300;15,3;4,3;1,1;75,4;•;•
U50;Oca sin cáscara;53;221;83,0;0,7;0,0;15,6;13,1;2,4
U51;Oca variedad nativa ccaya oga con cáscara;29;122;82,6;0,8;0,4;15,4;6,2;9,2
U52;Oca variedad nativa garwuaricra con cáscara;28;118;84,5;0,9;0,4;13,5;5,9;7,6
U53;Papa canchan;66;275;77,4;2,4;0,1;19,1;14,4;4,7
U54;Papa, chuño negro, harina de;322;1347;15,3;5,8;0,1;75,6;•;•
U55;Papa moraya, harina de;332;1390;16,5;2,3;0,1;80,6;•;•
U56;Papa negra andina;63;262;81,0;1,8;0,4;16,2;13,6;2,6
U57;Papa sin cáscara, variedad amarilis;64;269;81,7;2,1;0,1;15,4;14,4;1,1
U58;Papa sin cáscara, variedad huevo de indio;84;350;75,8;2,1;0,2;21,1;19,1;1,9
U59;Papa sin cáscara, variedad tumbay;86;360;75,5;2,0;0,1;21,5;19,8;1,7
U60;Papa sin cáscara, variedad única;77;320;77,8;2,3;0,2;19,0;17,1;1,9
U61;Papa sin cáscara, variedad Yungay;86;360;77,1;2,1;0,1;19,9;•;•
U62;Papa variedad nativa capulí con cáscara;115;483;65,7;1,2;0,3;31,5;27,1;4,3
U63;Papa variedad nativa caramarquina con cáscara;98;408;69,3;1,7;0,3;27,5;22,4;5,0
U64;Papa variedad nativa chimbina amarilla con cáscara;68;285;75,3;2,3;0,2;21,0;14,8;6,2
U65;Papa variedad nativa huagalina con cáscara;54;225;77,9;2,4;0,2;18,3;11,2;7,1
U66;Papa variedad nativa hualash con cáscara;54;224;78,6;2,0;0,4;17,6;11,0;6,6
U67;Papa variedad nativa huayro con cáscara;76;319;75,1;1,7;0,2;21,8;17,3;4,5
U68;Papa variedad nativa huevo de toro con cáscara;72;301;73,8;2,4;0,3;22,4;15,6;6,8
U69;Papa variedad nativa limeña con cáscara;68;286;75,2;2,5;0,3;20,9;14,6;6,3
U70;Papa variedad nativa maga blanca con cáscara;65;271;76,8;3,0;0,3;18,9;13,5;5,4
U71;Papa variedad nativa peruanita con cáscara;78;327;74,1;2,0;0,3;22,4;17,3;5,1
U72;Papa variedad nativa puca pampamachay con cáscara;81;339;71,9;2,0;0,2;24,8;18,3;6,4
U73;Papa variedad nativa puca pishgosh con cáscara;99;416;68,8;1,9;0,5;27,5;22,4;5,0
U74;Papa variedad nativa quinuapa tulum con cáscara;70;293;74,3;1,9;0,5;21,8;15,1;6,7
U75;Papa variedad nativa sapa negra con cáscara;72;301;73,7;2,2;0,3;22,6;15,7;6,9
U76;Papa variedad nativa yana shaque con cáscara;108;450;67,6;1,8;0,4;29,1;24,7;4,5
U77;Quillu uncucha (tubérculo);146;610;59,0;4,5;0,2;34,3;•;•
U78;Sachapapa, bulbo aéreo;138;577;64,6;2,3;0,3;32,0;•;•
U79;Tallapaqui culli (tubérculo);72;302;79,5;2,0;0,2;16,9;•;•
U80;Tallapaqui yurak (tubérculo);88;367;75,6;2,0;0,1;21,2;•;•
U81;Yuca de moja;160;670;57,0;1,5;0,2;40,2;•;•
SE1;Aguadito de pollo;45;188;19,6;2,4;1,0;6,7;6,1;0,4
SE3;Alita broaster con ensalada de lechuga;143;599;72,1;8,2;6,7;12,3;11,0;1,3
SE4;Ancoquis en salsa roja;127;530;71,3;5,2;4,4;17,1;15,9;1,2
SE5;Atún vegano;152;637;61,3;11,9;3,1;21,2;13,8;1,8
SE6;Caldo;38;158;32,6;2,2;0,2;6,9;6,3;0,6
SE7;Caldo de carne;29;120;19,3;1,8;0,1;5,5;4,9;0,6
SE8;Caldo de cordero;67;279;6,5;4,5;2,7;6,2;5,7;0,1
SE9;Caldo de gallina;45;189;15,6;2,9;0,6;7,2;6,9;0,3
SE11;Caldo de pescado;32;136;11,3;1,0;0,1;7,3;6,8;0,6
SE12;Caldo de pollo;64;269;22,9;3,7;1,4;9,2;8,5;0,5
SE13;Caldo de res;50;210;16,9;1,9;0,1;11,1;10,4;0,8
SE14;Carpaccio de pescado;88;367;76,6;14,0;1,9;3,3;2,4;0,4
SE15;Causa;95;396;77,5;4,7;2,5;14,1;13,6;0,4
SE16;Causa de palta;140;585;45,7;1,4;11,9;9,6;4,5;2,1
SE18;Causa de pollo;106;445;68,9;3,1;4,3;14,7;13,1;1,5
SE19;Causa de pulpa de cangrejo;215;900;65,4;6,7;17,6;9,4;8,0;1,3
SE20;Causa criolla;174;729;66,5;2,4;10,7;18,0;17,6;0,4
SE21;Causa rellena;113;471;75,1;3,0;5,2;14,3;13,1;1,2
SE22;Cazuela;33;140;14,4;1,9;0,8;4,5;4,1;0,2
SE23;Cazuela de pollo;39;162;24,7;2,2;0,6;6,5;5,4;0,5
SE25;Cebiche de pescado;91;382;75,9;7,0;2,2;11,7;10,5;1,0
SE26;Cebiche de pescado con chicharrón de pota;147;613;64,3;6,9;2,7;24,8;23,7;1,2
SE27;Cebiche de pescado con pota;69;289;80,1;4,4;0,2;14,1;8,1;1,1
SE28;Cebiche de pota;53;222;66,2;5,1;0,4;7,8;6,9;0,9
SE29;Cebiche mixto;129;540;71,0;8,7;4,7;13,7;12,0;1,2
SE30;Cebiche y chilcano de pescado;77;323;42,7;6,3;2,9;5,8;5,5;0,4
SE31;Chaque;66;274;42,6;5,5;0,6;9,5;3,1;0,2
SE33;Chicharrón con salsa criolla y leche de tigre;66;277;49,3;5,7;0,7;9,3;8,7;0,5
SE34;Chicharrón de pollo;100;418;74,0;2,7;1,6;20,2;4,8;0,9
SE36;Choritos a la chalaca;65;274;82,7;6,2;1,2;8,6;7,8;0,8
SE37;Choclo a la huancaína;111;464;40,8;5,4;5,4;12,0;11,1;0,8
SE38;Choclo con queso;239;999;57,1;15,1;16,8;7,4;7,0;0,5
SE39;Chupe de camarón;75;314;62,5;5,0;1,4;11,3;10,4;0,8
SE40;Chupe de cangrejo;36;152;23,7;2,6;1,3;4,0;3,5;0,4
SE41;Chupe de chochoca;53;223;21,4;1,6;1,6;8,3;8,0;0,4
SE42;Chupe de choro;48;203;19,1;1,8;0,5;9,2;8,8;0,3
SE44;Chupe de mariscos;59;245;29,8;2,7;0,6;10,5;9,7;0,8
SE45;Chupe de pescado;48;201;21,3;2,4;1,2;7,1;6,5;0,4
SE46;Chupe de pollo;36;152;20,2;2,8;0,9;4,3;4,0;0,2
SE47;Chupe de trigo;16;67;12,0;0,6;0,3;2,8;2,6;0,2
SE48;Chupe mixto;15;62;13,0;1,4;0,4;1,6;1,4;0,1
SE49;Consomé de pollo;30;124;13,7;2,6;1,1;2,3;2,1;0,1
SE51;Crema de ocopa;109;455;71,0;3,1;3,6;16,9;15,2;1,6
SE54;Crema de verdura;34;141;15,1;0,8;2,1;3,2;2,9;0,3
SE56;Croquetas;175;734;25,2;4,2;11,6;15,3;3,3;4,2
SE57;Ensalada;77;324;83,4;1,3;6,6;5,9;3,2;2,8
SE58;Ensalada cesar;76;316;84,1;4,7;4,8;4,6;3,6;1,1
SE59;Ensalada de atún;82;343;79,3;3,9;1,3;14,6;12,5;2,1
SE60;Ensalada de cocona;45;189;84,9;1,2;0,4;10,4;9,0;0,8
SE61;Ensalada de fideos;273;1144;41,4;5,9;11,4;39,3;36,4;2,8
SE62;Ensalada de lechuga;62;258;90,6;0,6;5,7;2,6;1,5;1,1
SE63;Ensalada de verduras;86;360;84,6;1,6;7,5;5,1;3,3;1,7
SE65;Flauta rellena;123;514;68,2;13,3;3,2;12,5;10,3;2,2
SE66;Huevo a la rusa;75;313;41,1;3,5;3,2;8,6;5,7;0,9
SE68;Hummus;212;887;7,8;7,0;3,9;38,0;32,5;2,9
SE70;Menestrón con res;42;177;22,3;2,2;0,4;8,1;6,9;0,9
SE71;Ocopa a la arequipeña;119;499;68,6;3,9;4,7;16,1;10,3;1,0
SE72;Palta rellena;112;467;74,0;2,6;6,3;15,4;10,9;4,6
SE73;Pan al ajo;74;310;76,9;0,3;0,0;20,8;1,8;0,1
SE74;Papa a la huancaína;118;496;69,2;3,4;3,7;18,6;13,6;1,3
SE75;Papas a la rioja;60;251;51,7;2,5;1,7;8,9;1,1;0,3
SE76;Papa con huevo;116;487;65,9;6,3;7,1;7,7;6,9;0,3
SE77;Papas fritas;359;1503;49,6;1,4;33,4;14,9;13,3;1,6
SE79;Papa rellena con ensalada;135;564;71,9;3,3;6,0;17,6;2,8;0,2
SE80;Papa rellena con sarsa criolla;160;670;68,7;3,9;9,6;16,0;12,3;1,5
SE81;Parihuela;51;212;40,8;6,4;2,1;1,0;0,7;0,2
SE82;Pastel de papa;138;579;70,4;6,2;6,1;14,7;13,1;1,4
SE84;Pejerrey arrebosado;172;718;66,5;6,9;9,3;15,7;14,3;1,3
SE85;Rocoto relleno;136;569;73,2;6,6;7,5;11,2;10,1;1,0
SE86;Salpicón de atún;253;1059;43,3;7,9;11,0;32,4;29,9;2,4
SE88;Salpicón de verduras;169;707;67,4;3,3;10,9;18,0;14,7;2,4
SE90;Sancochado con res;31;130;20,4;1,5;0,2;6,2;5,4;0,5
SE91;Shambar;46;193;22,6;4,1;1,2;4,8;3,3;0,9
SE92;Solterito;85;354;77,7;5,0;2,6;13,0;10,3;2,7
SE93;Sopa a la minuta;44;183;17,0;2,4;0,6;7,5;7,0;0,4
SE94;Sopa a la minuta de pollo;60;253;19,9;2,9;1,3;9,0;8,4;0,5
SE95;Sopa campesina;45;187;10,1;2,2;0,4;8,5;5,9;1,4
SE96;Sopa chilena;21;86;9,0;2,1;0,3;3,3;2,3;1,0
SE97;Sopa criolla con pollo;19;79;9,2;1,0;0,5;2,9;2,6;0,2
SE98;Sopa criolla con res;41;174;19,9;3,1;0,6;6,0;5,6;0,4
SE99;Sopa de arroz;26;109;11,4;1,4;0,5;3,9;3,7;0,1
SE100;Sopa de arroz con res;30;126;22,6;1,8;0,2;5,5;5,1;0,4
SE101;Sopa de arverja;94;393;8,9;2,9;0,4;20,2;19,4;0,8
SE102;Sopa de cangrejo;35;148;16,6;1,4;0,1;7,5;7,2;0,4
SE103;Sopa de casa;48;203;19,4;2,0;0,4;9,6;8,7;0,6
SE107;Sopa de fideos con res;37;154;20,8;2,0;0,1;7,4;6,7;0,6
SE108;Sopa de frejoles;58;244;18,2;3,4;0,5;10,3;8,3;2,0
SE110;Sopa de habas;54;225;24,4;2,2;0,7;10,1;6,7;0,3
SE111;Sopa de hueso de res;20;82;9,7;0,4;0,2;4,0;3,9;0,1
SE112;Sopa de leche;41;170;19,3;1,5;0,8;6,9;5,3;0,2
SE115;Sopa de morón con res;28;119;19,0;1,5;0,3;6,1;4,8;1,1
SE116;Sopa de mote;54;225;9,0;1,6;0,3;11,4;11,2;0,1
SE117;Sopa de mote con res;38;160;6,9;1,5;0,4;7,1;7,1;0,1
SE120;Sopa de pollo;48;201;20,6;2,6;1,0;7,6;6,7;0,5
SE121;Sopa de res;38;160;22,1;2,0;0,2;7,5;6,8;0,6
SE123;Sopa de sémola con pollo;38;158;19,0;2,1;0,7;6,2;5,3;0,5
SE127;Sopa de trigo con res;49;205;37,3;1,6;0,3;11,4;10,2;1,2
SE128;Sopa de verduras;34;143;25,5;2,5;0,2;5,9;5,4;0,5
SE130;Sopa de verduras con res;52;216;20,3;1,6;0,2;11,7;10,7;1,0
SE131;Sopa wantán;77;323;12,7;3,9;2,4;9,8;5,9;0,5
SE132;Sustancia;60;253;25,3;3,3;1,1;9,5;8,8;0,5
SE135;Tamal de pollo;310;1296;33,3;5,6;11,3;48,2;47,8;0,4
SE136;Tamal verde;156;654;61,4;3,7;6,9;22,6;20,7;2,0
SE140;Tequeños de queso;351;1469;34,3;6,7;22,0;35,1;2,4;4,1
SE141;Tiradito de pejerrey;88;370;77,6;6,5;1,1;13,7;13,5;0,2
SE143;Yucas rellenas;147;613;69,6;4,0;8,2;16,9;14,8;2,1
SS1;Adobo de cerdo y arroz;174;729;21,3;6,3;1,9;31,8;31,7;0,1
SS2;Adobo de cerdo con menestra y arroz;165;690;18,3;9,7;3,4;23,8;18,5;5,3
SS3;Adobo de cerdo con puré y arroz;146;613;41,1;4,8;5,0;20,3;19,9;0,3
SS5;Adobo de pollo con ensalada y arroz;145;605;34,0;4,9;2,2;26,0;25,5;0,5
SS6;Adobo de res con arroz y puré;126;527;50,9;5,6;1,8;22,1;21,4;0,5
SS7;Adobo de res con menestra y arroz;155;647;19,3;7,7;1,7;27,8;23,0;4,8
SS8;Aeropuerto de pollo;212;888;28,7;6,5;2,5;39,8;39,1;0,5
SS9;Aeropuerto tacon pa;177;741;19,3;7,6;3,4;28,7;28,2;0,5
SS10;Ají de pollo y arroz;146;609;37,2;5,9;2,8;23,7;21,6;0,4
SS11;Albóndigas en salsa y arroz;133;555;37,4;6,3;3,6;18,3;18,0;0,3
SS12;Alita broaster con papas fritas y arroz;272;1139;35,7;5,7;18,7;20,3;19,7;0,7
SS14;Arroz a la jardinera con pollo;142;594;38,2;7,3;1,2;24,7;24,2;0,5
SS17;Arroz blanco con filete de pollo, papas sancochadas y ensalada;146;610;41,5;6,5;2,5;23,8;19,9;0,1
SS18;Arroz chaufa con pollo chijaukay;187;783;28,0;6,8;8,2;20,6;16,8;0,1
SS19;Arroz chaufa con pollo tamarindo;129;542;41,8;6,3;1,4;22,2;21,7;0,3
SS20;Arroz chaufa con pollo taypa especial;124;519;48,2;8,9;4,4;11,7;10,0;0,1
SS21;Arroz chaufa de cerdo;194;813;20,2;6,8;4,9;29,6;29,4;0,0
SS22;Arroz chaufa de mariscos;166;695;30,4;7,2;4,6;22,7;22,7;0,0
SS23;Arroz chaufa de pollo;174;726;20,6;6,5;2,6;29,8;29,6;0,0
SS25;Arroz chaufa especial;205;858;28,3;10,5;7,5;23,0;22,7;0,0
SS26;Arroz con carne;119;498;11,1;4,9;0,5;23,6;18,9;4,6
SS27;Arroz con cerdo con sarsa criolla;140;585;37,4;4,1;2,9;24,2;23,4;0,8
SS28;Arroz con frejol y seco de res;132;553;23,2;7,0;2,3;20,8;17,6;3,2
SS29;Arroz con frejoles y seco de pollo;132;550;27,7;7,5;1,8;21,0;18,4;2,6
SS30;Arroz con lentejas con churrasco;157;657;24,0;9,4;2,9;23,1;19,9;3,2
SS31;Arroz con mariscos;144;602;35,4;5,1;3,1;23,5;23,1;0,4
SS32;Arroz con pato;174;728;35,0;5,6;7,1;21,3;20,9;0,4
SS33;Arroz con pollo;139;582;41,3;7,0;2,3;22,1;21,0;0,7
SS34;Arroz tapado;157;658;34,1;7,3;4,4;21,4;21,2;0,2
SS35;Arvejita verde partida con estofado de pollo y arroz;142;593;45,0;8,8;2,8;20,2;15,2;1,9
SS36;Arvejita verde partida con guiso de pollo y arroz;143;598;38,4;7,8;1,2;24,5;23,8;0,7
SS37;Arvejita verde partida con hígado frito y arroz;150;627;14,4;4,6;1,1;29,8;27,1;2,7
SS38;Arvejita verde partida con pollo al horno y arroz;124;520;35,5;7,3;3,4;15,6;14,8;0,7
SS41;Asado de cerdo con menestra y arroz;153;639;18,8;8,0;2,2;24,9;21,0;3,9
SS44;Asado de pollo con puré y arroz;148;619;34,6;6,4;2,7;23,7;23,6;0,1
SS46;Asado de res con menestra y arroz;126;528;32,6;6,7;2,3;19,8;16,7;3,1
SS48;Bisteck de res a lo pobre con arroz;189;791;24,3;5,5;6,1;27,7;27,4;0,3
SS50;Bisteck de res con papas fritas y arroz;96;403;25,8;3,4;3,1;13,5;10,2;0,1
SS53;Carapulcra y arroz;151;630;43,4;6,1;4,0;24,3;18,5;1,5
SS54;Carapulcra de cerdo y arroz;137;573;23,3;6,6;2,6;21,1;21,0;0,1
SS55;Carne de res con ensalada y arroz;215;898;30,5;6,9;10,5;22,7;22,4;0,3
SS56;Cau cau con arroz;103;432;38,8;4,4;1,5;17,7;15,0;0,5
SS57;Causa con pollo al horno y arroz;130;546;49,6;3,3;2,3;24,1;22,9;1,2
SS60;Cebiche de pollo con arroz;138;579;38,7;7,6;2,3;21,7;21,1;0,6
SS61;Cerdo al horno con arroz;161;674;35,2;7,7;3,5;23,3;23,2;0,1
SS62;Chanfainita con arroz;151;630;24,2;4,3;1,8;28,6;28,2;0,4
SS63;Chanfainita con tallarín;153;639;51,0;5,8;0,7;31,4;29,7;1,7
SS66;Chicharrón de pescado con ensalada y arroz;241;1010;34,7;6,8;10,5;29,9;29,2;0,8
SS69;Chicharrón de pescado con yucas doradas;195;815;56,4;9,9;6,9;23,4;20,2;1,7
SS71;Chicharrón mixto;222;928;54,3;9,3;14,1;14,3;13,6;0,7
SS72;Chicharrón mixto con sarsa criolla y arroz;168;704;38,0;6,3;3,8;26,3;25,8;0,5
SS73;Chicharrón mixto con yuca frita;168;704;64,5;10,5;8,8;13,4;12,6;0,7
SS74;Chicken quesadilla;193;808;61,6;12,2;9,9;14,3;1,9;1,4
SS75;Chuleta a la parrilla con arroz;111;464;59,7;6,3;1,8;17,2;11,6;0,4
SS76;Chuleta de cerdo con papas fritas y arroz;178;743;48,0;6,7;8,0;19,5;18,7;0,8
SS77;Churrasco con arroz;100;417;36,8;3,8;0,7;19,1;18,5;0,5
SS78;Churrasco con frejoles y arroz;171;716;20,7;10,9;6,4;17,8;12,1;5,7
SS79;Churrasco con papas fritas con ensalada y arroz;156;651;45,2;4,6;4,3;24,4;23,4;1,0
SS81;Combinado de res;151;634;31,4;4,5;3,8;24,8;21,2;0,4
SS82;Combinado de tallarín rojo con frejoles y arroz;193;806;36,2;10,4;3,6;32,8;29,4;3,5
SS83;Cordero a la norteña con frejoles y arroz;179;749;9,2;8,6;4,3;28,9;26,1;2,8
SS84;Costillas barbiquiu con arroz y camote;190;796;33,0;6,5;8,2;22,5;20,2;0,5
SS85;Costillas con papa y arroz;166;696;44,1;8,3;5,7;20,3;19,8;0,5
SS86;Costillas norteño con frejoles y arroz;152;635;34,4;8,0;3,3;22,2;20,1;2,1
SS87;Encebollado de hígado con frejoles y arroz;161;673;47,3;8,8;6,2;18,1;17,9;0,3
SS88;Ensalada rusa con pollo broaster y arroz;157;657;49,9;8,8;4,9;19,2;16,0;0,7
SS89;Ensalada rusa con pollo a la brasa y arroz;146;612;45,1;8,8;3,4;19,7;18,2;0,6
SS92;Escabeche de pescado con arroz;227;950;18,3;3,3;10,2;30,6;30,1;0,5
SS93;Escabeche de pollo con arroz;137;572;45,0;7,7;2,8;19,6;19,3;0,3
SS97;Estofado de pollo con menestra y arroz;167;697;25,6;7,4;1,5;30,5;26,5;4,0
SS100;Estofado de lengua con arroz;133;558;56,3;4,9;5,1;17,3;15,9;1,3
SS101;Espesado de res con arroz;212;888;37,1;6,8;2,0;41,8;41,0;0,8
SS102;Fetuccini a lo alfredo;339;1418;35,7;9,9;19,9;31,7;30,4;1,3
SS103;Filete de pescado con arroz;207;866;47,6;5,8;11,5;20,6;19,7;0,9
SS104;Filete de pescado con menestra y arroz;240;1003;19,4;9,7;10,6;25,6;23,0;2,6
SS105;Filete de pescado con papas fritas, sarsa criolla y arroz;138;578;38,8;5,5;1,3;25,6;21,3;0,2
SS106;Filete de pescado en salsa de mariscos;136;570;38,1;6,4;0,8;25,5;24,5;1,0
SS109;Filete de pollo a la parrilla, ensalada y arroz;162;678;40,0;8,1;2,4;26,1;25,9;0,2
SS110;Frejoles con asado de carne y arroz;119;500;23,8;6,1;2,3;18,4;15,6;2,7
SS112;Frejoles con cabrito a la norteña y arroz;161;676;16,9;9,1;5,6;18,8;16,5;2,3
SS113;Frejoles con pescado y arroz;168;703;27,6;6,6;4,5;25,6;22,5;3,1
SS114;Frejoles con pescado con ensalada y arroz;178;744;26,3;7,7;7,2;20,9;17,7;3,2
SS115;Frejoles con pollo a la norteña y arroz;114;477;23,1;7,0;1,9;17,5;14,9;2,6
SS116;Frejoles con pollo al vino;158;661;25,4;4,1;2,2;30,9;29,9;0,9
SS120;Garbanzo con arroz y chuleta frita;193;808;16,9;8,3;3,8;31,3;21,0;3,3
SS121;Garbanzo con chuleta y arroz;174;726;24,8;6,9;4,6;26,3;17,3;3,1
SS122;Garbanzo con churrasco, ensalada y arroz;141;592;29,4;6,0;3,3;22,4;17,3;1,9
SS124;Garbanzo con pollo y arroz;130;545;34,0;5,8;3,5;18,9;14,0;1,9
SS125;Guiso de caigua con arroz;136;568;27,7;6,7;2,0;22,3;18,2;1,0
SS126;Guiso de habas con churrasco y arroz;173;724;24,3;5,2;1,2;34,4;33,9;0,4
SS127;Guiso de quinua con pescado y arroz;179;751;14,9;4,8;8,2;22,6;21,4;1,2
SS128;Guiso de trigo con lomo de socona y arroz;78;327;24,9;2,5;1,0;14,8;13,9;0,4
SS129;Guiso de trigo con pollo y arroz;109;454;32,0;6,4;1,9;15,8;15,6;0,1
SS130;Guiso de vainita con pollo y arroz;95;398;54,5;4,3;0,7;18,8;13,3;1,1
SS131;Hígado encebollado con arroz;108;451;57,9;3,9;1,7;20,5;15,6;0,4
SS132;Hígado frito con arroz;174;727;37,0;5,4;5,1;26,4;24,0;0,4
SS133;Jalea con yuca frita;210;879;34,5;10,4;13,3;12,3;11,0;0,9
SS134;Jalea mixta;177;740;65,3;9,5;9,3;14,4;11,3;0,9
SS135;Jalea mixta con yuca frita;234;979;58,5;8,3;16,3;15,9;14,4;1,5
SS138;Kam lu wantán con arroz chaufa;200;835;33,2;6,6;13,0;13,8;12,6;0,1
SS140;Lenteja con adobo y arroz;128;535;14,2;7,5;0,3;23,7;17,4;4,1
SS141;Lenteja con bisteck y arroz;183;765;16,0;9,9;1,2;33,1;25,3;7,8
SS142;Lenteja con chuleta y arroz;170;712;23,8;10,3;2,3;26,4;23,6;2,7
SS143;Lenteja con estofado y arroz;135;566;32,3;8,9;2,0;20,2;17,1;3,0
SS145;Lenteja con hígado y arroz;179;748;22,0;8,8;2,4;30,5;25,4;5,2
SS146;Lenteja con lomito y arroz;137;573;20,1;7,2;1,5;23,5;19,0;4,5
SS149;Locro con hígado frito y arroz;134;559;54,4;3,1;5,6;18,2;17,3;0,9
SS153;Lomo a lo strogonof y arroz;149;623;61,3;9,3;1,9;22,9;21,7;0,9
SS155;Lomo saltado con arroz;147;615;45,3;5,1;5,4;19,3;18,3;0,7
SS156;Lomo saltado con menestra y arroz;159;667;27,2;6,0;4,6;23,4;18,9;4,4
SS158;Macarrones con res;174;730;36,2;6,4;2,3;33,7;31,8;1,8
SS159;Malaya dorada con arroz;149;623;29,4;6,6;0,9;28,9;28,3;0,6
SS160;Milanesa con arroz;175;732;47,4;5,4;7,3;21,8;20,9;1,0
SS161;Milanesa con ensalada y arroz;149;624;29,1;4,4;1,5;29,3;28,4;0,3
SS162;Milanesa con menestra y arroz;155;647;26,7;9,3;3,6;20,4;19,3;1,1
SS163;Milanesa con papas fritas y arroz;156;654;48,3;4,8;6,2;20,2;19,4;0,8
SS164;Molleja saltada con arroz;98;411;21,3;7,0;1,2;14,5;10,7;3,6
SS166;Olluquito con arroz integral;126;529;25,9;5,1;2,4;21,4;20,4;0,1
SS167;Olluquito de charqui con arroz;161;674;32,3;6,2;3,1;26,5;26,4;0,1
SS168;Olluquito de res con arroz;129;540;42,2;5,0;0,5;25,4;25,4;0,0
SS169;Pachamanca a la olla con arroz;139;583;40,5;6,9;1,8;23,5;23,0;0,5
SS170;Pallares con chuleta y arroz;119;499;11,7;6,2;1,3;20,5;17,8;2,7
SS171;Pallares con guiso de pollo y arroz;172;718;27,0;9,5;2,8;26,5;23,5;3,0
SS173;Pallares con pollo y arroz;148;617;28,9;10,8;1,5;22,0;19,6;2,4
SS175;Pavita al vino con arroz;161;674;19,7;4,4;1,3;32,1;31,8;0,3
SS176;Pavita a la norteña con arroz;147;615;35,7;5,7;2,3;26,3;21,9;1,9
SS177;Pavita con ensalada y arroz;234;978;45,9;4,5;15,2;19,9;18,9;1,0
SS179;Pavita con puré y arroz;154;642;34,2;7,2;4,8;19,9;19,7;0,1
SS180;Patita con maní y arroz;134;562;38,3;4,1;1,7;25,2;21,9;0,5
SS181;Pasta al pesto;115;481;36,4;5,8;1,8;19,5;18,3;1,2
SS182;Pasta otros;119;497;41,6;8,6;3,0;15,1;6,7;0,8
SS183;Pechuga a la plancha con ensalada y arroz;132;553;56,2;6,7;3,7;17,8;16,9;0,9
SS185;Pescado a la chorrillana con arroz;224;935;35,1;5,4;12,3;22,7;22,2;0,5
SS188;Pescado con ensalada y arroz;155;650;35,5;7,6;2,6;24,7;24,5;0,2
SS190;Pescado en salsa de champiñones con arroz;183;765;47,0;6,7;9,0;19,8;19,1;0,7
SS191;Pescado en salsa de langostinos con arroz;178;743;33,1;6,1;5,0;27,2;26,8;0,4
SS193;Picante de pollo con arroz;375;1567;45,6;13,1;32,1;9,1;8,2;0,3
SS194;Picante de res con arroz;118;492;35,8;4,9;1,6;20,5;19,8;0,8
SS195;Pizza americana personal;203;848;53,1;7,7;7,3;27,7;26,3;1,1
SS196;Pollo a la brasa con papas fritas;181;758;62,7;7,4;10,9;13,8;10,8;1,4
SS197;Pollo a la brasa + 1 palito de anticucho con papas fritas;146;609;69,9;9,7;7,9;10,3;6,2;4,0
SS198;Pollo a la chiclayana con arroz;137;571;46,1;8,7;1,5;21,1;20,8;0,4
SS199;Pollo a la chiclayana con menestra y arroz;121;505;49,5;7,5;1,0;20,0;13,2;0,1
SS200;Pollo a la leña;163;684;66,4;3,3;9,8;15,8;13,6;1,7
SS201;Pollo a la naranja con arroz;128;537;59,5;10,1;2,7;15,8;15,1;0,7
SS202;Pollo a la norteña con arroz;144;602;40,0;9,4;1,8;22,5;18,8;2,3
SS203;Pollo a la norteña con menestra y arroz;134;560;32,2;8,6;2,7;18,6;16,1;2,6
SS204;Pollo a la huachana con menestra y arroz;134;562;33,0;7,4;3,2;18,7;15,2;3,0
SS205;Pollo a la olla con arroz;150;626;42,0;7,3;2,4;23,8;23,1;0,7
SS206;Pollo a la olla con menestra y arroz;155;646;25,0;9,2;2,2;24,3;18,9;5,4
SS209;Pollo a la parrilla con arroz y papas fritas;273;1143;43,4;7,4;20,7;14,6;13,9;0,7
SS212;Pollo a la parrilla con puré y arroz;133;555;48,9;5,6;3,8;18,9;18,5;0,3
SS213;Pollo a la plancha con arroz;81;340;65,6;4,8;0,9;13,7;12,5;1,2
SS216;Pollo a la plancha con papas doradas y arroz;158;661;33,1;3,1;4,0;26,7;26,3;0,3
SS218;Pollo a la plancha con papas fritas, ensalada y arroz;165;690;49,7;7,3;7,1;18,1;17,4;0,7
SS219;Pollo a la plancha con puré y arroz;133;556;41,8;9,0;3,6;15,4;15,0;0,4
SS220;Pollo al ají con menestra y arroz;137;573;18,5;5,2;0,9;26,7;24,8;1,9
SS221;Pollo al huacatay con arroz;145;607;27,5;10,4;1,3;22,4;19,7;2,8
SS222;Pollo al horno con arroz;159;663;22,8;3,8;3,1;28,9;25,1;0,0
SS224;Pollo al horno con ensalada rusa y arroz;130;544;48,7;7,0;2,6;19,7;17,4;0,9
SS229;Pollo al jugo con menestra y arroz;123;513;26,4;7,7;1,9;21,7;18,3;3,3
SS230;Pollo al maní con arroz;142;594;45,8;6,4;1,7;25,5;24,3;1,2
SS231;Pollo al maní con ensalada y arroz;164;687;42,9;3,2;7,7;20,9;19,7;1,2
SS232;Pollo al maní con menestra y arroz;140;585;29,5;9,0;2,0;21,0;18,9;2,1
SS234;Pollo al sillao con ensalada y arroz;120;501;36,3;5,3;1,4;21,1;20,4;0,6
SS235;Pollo al vino con arroz;137;574;34,9;3,0;1,1;34,0;32,7;1,3
SS236;Pollo al vino con ensalada y arroz;131;550;37,1;6,2;1,1;24,7;21,0;0,1
SS237;Pollo al vino con menestra y arroz;144;604;28,9;9,3;2,7;23,0;20,2;2,7
SS238;Pollo broaster;192;804;40,9;5,4;10,2;20,2;16,3;0,6
SS240;Pollo broaster con papas fritas y arroz;143;597;53,0;7,9;4,0;18,6;12,5;0,2
SS243;Pollo con maní y arroz;136;567;36,9;6,6;3,7;18,4;17,8;0,6
SS244;Pollo con verduras y arroz;174;727;33,3;7,7;6,9;19,3;18,4;0,2
SS245;Pollo con verduras y arroz chaufa;144;603;31,7;4,6;0,7;29,4;29,1;0,3
SS246;Pollo dorado con papas fritas y arroz;180;753;41,1;7,9;5,5;24,3;23,6;0,7
SS247;Pollo enrollado con arroz;156;654;40,9;6,8;3,6;23,9;20,4;0,7
SS250;Pollo frito con ensalada rusa y arroz;183;765;27,7;5,7;5,5;27,2;26,2;0,4
SS252;Pollo frito con papas fritas y arroz;160;670;49,1;2,7;7,3;22,0;21,0;1,0
SS253;Pollo frito con puré y arroz;171;716;43,3;7,8;5,4;22,2;22,1;0,1
SS254;Pollo frito con papas fritas, ensalada y arroz;165;691;47,2;5,5;6,6;20,7;19,9;0,8
SS255;Pollo saltado con arroz;183;764;47,5;5,5;9,6;18,4;17,3;0,9
SS257;Puré con bisteck y arroz;127;531;31,9;4,8;2,3;21,4;21,3;0,1
SS258;Puré con churrasco y arroz;167;699;22,1;5,7;6,9;20,4;16,1;0,2
SS259;Pure con pavita y arroz;133;555;48,1;4,8;3,7;19,9;19,5;0,4
SS260;Puré con pollo al sillao y arroz;147;614;31,5;5,4;1,9;28,4;28,1;0,3
SS261;Puré con pollo y arroz;151;630;37,8;5,9;3,3;23,8;23,5;0,2
SS262;Puré con asado y arroz integral;156;651;48,1;4,9;3,3;26,7;21,9;0,4
SS263;Puré con pollo, ensalada y arroz;134;562;43,3;8,1;2,6;19,0;18,8;0,2
SS264;Quinua guisada con pollo y arroz;134;561;24,6;7,0;2,4;20,9;20,3;0,6
SS265;Ravioles con carne;191;799;60,6;9,8;9,4;16,4;0,8;0,0
SS266;Rocoto relleno con arroz;148;620;27,9;5,2;2,9;25,3;24,9;0,5
SS267;Saltado de brócoli con arroz;156;655;49,6;4,1;6,8;20,1;19,2;0,8
SS268;Saltado de pollo con arroz;135;563;46,6;5,6;2,8;21,4;17,7;0,3
SS269;Saltado de pollo con papas fritas y arroz;215;899;28,5;3,7;10,3;26,5;24,4;0,2
SS276;Seco a la norteña de res con menestra y arroz;147;616;22,2;8,8;1,3;24,8;20,7;4,1
SS277;Seco a la norteña de res con menestra, sarsa criolla y arroz;92;384;33,3;4,7;1,1;16,1;14,5;1,6
SS278;Seco a la norteña con menestra, ensalada y arroz;104;437;15,2;4,3;1,1;19,5;15,6;3,8
SS279;Seco con menestra y arroz;133;558;16,7;6,2;0,7;25,2;22,3;2,9
SS280;Seco de cabrito a la norteña con menestra y arroz;151;630;29,4;8,7;1,8;24,4;21,3;3,1
SS281;Seco de cabrito con arroz;124;520;33,6;6,4;1,7;20,4;19,9;0,4
SS282;Seco de cabrito con menestra y arroz;112;469;23,5;6,4;1,6;17,8;15,7;2,1
SS284;Seco de costillar con menestra y arroz;126;525;33,2;7,5;1,4;20,6;17,4;3,1
SS285;Seco de cordero con arroz;172;719;17,2;7,2;5,4;23,2;22,8;0,4
SS286;Seco de cordero con menestra y arroz;187;782;20,4;7,9;5,7;26,2;23,3;2,9
SS290;Seco de pollo con menestra y arroz;136;568;29,9;8,6;2,1;20,6;17,6;2,7
SS291;Seco de pollo con sarsa criolla y arroz;132;553;46,3;7,6;1,6;22,1;21,2;0,9
SS292;Seco de res a la huachana, menestra y arroz;124;517;23,4;7,3;2,0;18,9;17,0;1,9
SS294;Seco de res con arroz;136;569;42,9;6,6;2,3;21,9;19,4;0,8
SS295;Seco de res con menestra y arroz;133;555;22,1;6,6;1,3;23,8;20,9;2,9
SS296;Seco de res con menestra, ensalada y arroz;145;608;25,2;4,8;4,6;21,5;20,9;0,6
SS298;Seco de ternera con menestra y arroz;125;525;25,5;7,7;1,7;19,6;16,0;2,1
SS299;Seco huachano con menestra y arroz;113;474;22,3;5,7;1,2;20,0;13,8;0,4
SS300;Sopa seca con carapulcra y arroz;222;929;47,5;12,7;11,1;17,7;16,4;0,9
SS301;Spaguetti con crema;176;735;57,5;13,9;4,3;21,1;19,9;1,3
SS302;Steak al tequila;108;453;18,4;5,6;0,5;20,0;18,4;1,6
SS304;Suprema de pescado con arroz y ensalada;161;672;17,6;8,0;1,7;28,3;23,6;4,6
SS305;Suprema de pollo con arroz;177;740;24,6;8,1;2,6;30,8;28,1;0,6
SS306;Tacacho con cecina;213;892;54,7;5,4;10,2;27,9;26,3;1,6
SS307;Tacu tacu con churrasco;160;668;32,4;7,1;3,8;24,3;21,3;3,0
SS309;Tacu tacu con lomito;157;656;23,2;8,5;1,5;27,1;22,2;4,9
SS310;Tacu tacu con lomo y arroz;152;634;21,4;6,1;2,5;25,8;23,3;2,5
SS312;Tallarines al pesto con bisteck;140;584;31,9;6,1;4,8;18,9;18,0;1,0
SS313;Tallarines al pesto con res;226;947;50,9;16,3;8,3;21,8;20,8;1,1
SS314;Tallarines chifa;189;793;19,2;7,5;1,0;40,2;36,9;3,0
SS315;Tallarines con pollo;159;666;59,9;10,5;1,9;26,2;24,6;1,6
SS316;Tallarines con pollo y crema a la huancaína;152;637;52,6;10,8;3,2;20,9;19,5;1,3
SS318;Tallarines saltado;190;794;48,8;8,5;1,6;37,3;33,7;2,1
SS320;Tallarines verdes con chuleta;245;1025;49,0;8,6;11,2;29,2;27,4;1,7
SS322;Tallarines verdes con churrasco y crema a la huancaína;185;773;56,1;7,4;4,0;31,2;26,0;1,3
SS323;Tallarines verdes con hígado;230;962;50,4;9,0;9,5;29,3;27,4;1,8
SS324;Tallarines verdes con milanesa;111;465;38,6;6,6;4,2;12,5;11,4;1,1
SS325;Tallarines verdes con pollo;198;828;53,6;12,2;4,1;29,4;27,7;1,6
SS327;Tallarines verdes con res;176;737;34,5;7,8;5,1;26,0;24,5;1,5
SS328;Ternera a la chiclayana con arroz;96;402;25,1;3,9;0,7;18,5;18,1;0,4
SS329;Trigo con adobo de pollo y arroz;138;578;29,2;5,5;4,5;18,5;17,8;0,3
SS330;Trigo con pollo y arroz;129;540;36,5;8,1;2,1;18,3;18,3;0,0
SS331;Trigo guisado con pollo y arroz;118;495;43,6;7,9;3,3;13,5;13,3;0,2
SS332;Trucha con arroz;299;1250;26,8;4,2;18,8;28,8;27,9;0,9
SS333;Trucha con menestra y arroz;142;593;24,2;5,2;4,7;20,2;16,3;3,9
SS334;Virado paulista;86;360;8,9;3,5;2,6;11,8;11,2;0,6
